awsAccountId,description,exploitAvailable,findingArn,firstObservedAt,fixAvailable,lastObservedAt,severity,status,title,type,updatedAt,current_key,parent_key,inspectorScore
531341628109,"Applications that parse ETags from ""If-Match"" or ""If-None-Match"" request headers are vulnerable to DoS attack.

Users of affected versions should upgrade to the corresponding fixed version.

Users of older, unsupported versions could enforce a size limit on ""If-Match"" and ""If-None-Match"" headers, e.g. through a Filter.",NO,arn:aws:inspector2:ap-south-1:531341628109:finding/00b3ebc4eff11a778e547e8568173f80,2024-11-19 12:48:06.985000+05:30,YES,2024-11-19 12:48:06.985000+05:30,UNTRIAGED,ACTIVE,CVE-2024-38809 - org.springframework:spring-web,PACKAGE_VULNERABILITY,2024-11-19 12:48:06.985000+05:30,1,1,
531341628109,ncurses 6.4-20230610 has a NULL pointer dereference in tgetstr in tinfo/lib_termcap.c.,NO,arn:aws:inspector2:ap-south-1:531341628109:finding/0192dca5acca0f229d93424f2c8641c3,2024-11-19 12:48:06.985000+05:30,YES,2024-11-19 12:48:06.985000+05:30,MEDIUM,ACTIVE,"CVE-2023-45918 - ncurses-base, ncurses and 1 more",PACKAGE_VULNERABILITY,2024-11-19 12:48:06.985000+05:30,2,1,6.5
531341628109,"Use of Java's default temporary directory for file creation in `FileBackedOutputStream` in Google Guava versions 1.0 to 31.1 on Unix systems and Android Ice Cream Sandwich allows other users and apps on the machine with access to the default Java temporary directory to be able to access the files created by the class.

Even though the security vulnerability is fixed in version 32.0.0, we recommend using version 32.0.1 as version 32.0.0 breaks some functionality under Windows.",NO,arn:aws:inspector2:ap-south-1:531341628109:finding/0234b548933c02229c7b4a13a2d98b9c,2024-11-19 12:48:06.985000+05:30,YES,2024-11-19 12:48:06.985000+05:30,HIGH,ACTIVE,CVE-2023-2976 - com.google.guava:guava,PACKAGE_VULNERABILITY,2024-11-19 12:48:06.985000+05:30,3,1,7.1
531341628109,"Issue summary: Calling the OpenSSL API function SSL_select_next_proto with an empty supported client protocols buffer may cause a crash or memory contents to be sent to the peer.

Impact summary: A buffer overread can have a range of potential consequences such as unexpected application beahviour or a crash. In particular this issue could result in up to 255 bytes of arbitrary private data from memory being sent to the peer leading to a loss of confidentiality. However, only applications that directly call the SSL_select_next_proto function with a 0 length list of supported client protocols are affected by this issue. This would normally never be a valid scenario and is typically not under attacker control but may occur by accident in the case of a configuration or programming error in the calling application.

The OpenSSL API function SSL_select_next_proto is typically used by TLS applications that support ALPN (Application Layer Protocol Negotiation) or NPN (Next Protocol Negotiation). NPN is older, was nev",NO,arn:aws:inspector2:ap-south-1:531341628109:finding/02c4e7e2d3bba0698444b9490bcd2408,2024-11-19 12:48:06.985000+05:30,YES,2024-11-19 12:48:06.985000+05:30,MEDIUM,ACTIVE,"CVE-2024-5535 - openssl, openssl-libs",PACKAGE_VULNERABILITY,2024-11-19 12:48:06.985000+05:30,4,1,4.8
531341628109,NULL Pointer Dereference in GitHub repository vim/vim prior to 20d161ace307e28690229b68584f2d84556f8960.,NO,arn:aws:inspector2:ap-south-1:531341628109:finding/03e069c068f68a3a183ff2e6077764ca,2024-11-19 12:48:06.985000+05:30,YES,2024-11-19 12:48:06.985000+05:30,LOW,ACTIVE,"CVE-2023-5441 - vim-minimal, vim-data",PACKAGE_VULNERABILITY,2024-11-19 12:48:06.985000+05:30,5,1,2.9
531341628109,Xmlsoft Libxml2 v2.11.0 was discovered to contain an out-of-bounds read via the xmlSAX2StartElement() function at /libxml2/SAX2.c. This vulnerability allows attackers to cause a Denial of Service (DoS) via supplying a crafted XML file. NOTE: the vendor's position is that the product does not support the legacy SAX1 interface with custom callbacks; there is a crash even without crafted input.,NO,arn:aws:inspector2:ap-south-1:531341628109:finding/03fa3535c7f81a2b87260494f653cdc8,2024-11-19 12:48:06.985000+05:30,YES,2024-11-19 12:48:06.985000+05:30,MEDIUM,ACTIVE,CVE-2023-39615 - libxml2,PACKAGE_VULNERABILITY,2024-11-19 12:48:06.985000+05:30,6,1,5.5
531341628109,"Allocation of Resources Without Limits or Throttling vulnerability in Apache Tomcat.

This issue affects Apache Tomcat: from 11.0.0-M1 through 11.0.0-M20, from 10.1.0-M1 through 10.1.24, from 9.0.13 through 9.0.89. Older, unsupported versions may also be affected.

Users are recommended to upgrade to version 11.0.0-M21, 10.1.25, or 9.0.90, which fixes the issue.

Apache Tomcat, under certain configurations on any platform, allows an attacker to cause an OutOfMemoryError by abusing the TLS handshake process.",NO,arn:aws:inspector2:ap-south-1:531341628109:finding/08db9b68f5414c91dcd2116d912767d4,2024-11-19 12:48:06.985000+05:30,YES,2024-11-19 12:48:06.985000+05:30,UNTRIAGED,ACTIVE,CVE-2024-38286 - org.apache.tomcat.embed:tomcat-embed-core,PACKAGE_VULNERABILITY,2024-11-19 12:48:06.985000+05:30,7,1,
531341628109,Vim before 9.0.2142 has a stack-based buffer overflow because did_set_langmap in map.c calls sprintf to write to the error buffer that is passed down to the option callback functions.,NO,arn:aws:inspector2:ap-south-1:531341628109:finding/0abd754c39995b830b444fc2048ab704,2024-11-19 12:48:06.985000+05:30,YES,2024-11-19 12:48:06.985000+05:30,MEDIUM,ACTIVE,"CVE-2024-22667 - vim-minimal, vim-data",PACKAGE_VULNERABILITY,2024-11-19 12:48:06.985000+05:30,8,1,5.5
531341628109,"An issue was discovered in systemd 253. An attacker can modify the contents of past events in a sealed log file and then adjust the file such that checking the integrity shows no error, despite modifications. NOTE: the vendor reportedly sent ""a reply denying that any of the finding was a security vulnerability.""",NO,arn:aws:inspector2:ap-south-1:531341628109:finding/0c57f999405b0e7f1b93cf21469bdd31,2024-11-19 12:48:06.985000+05:30,YES,2024-11-19 12:48:06.985000+05:30,MEDIUM,ACTIVE,"CVE-2023-31439 - systemd-sysv, systemd and 1 more",PACKAGE_VULNERABILITY,2024-11-19 12:48:06.985000+05:30,9,1,5.3
531341628109,"PCRE before 8.38 mishandles the (?(<digits>) and (?(R<digits>) conditions, which allows remote attackers to cause a denial of service (integer overflow) or possibly have unspecified other impact via a crafted regular expression, as demonstrated by a JavaScript RegExp object encountered by Konqueror.",NO,arn:aws:inspector2:ap-south-1:531341628109:finding/0c9a2413a01c97f78701584e0c7db54e,2024-11-19 12:48:06.985000+05:30,YES,2024-11-19 12:48:06.985000+05:30,MEDIUM,ACTIVE,"CVE-2015-8394 - pcre, glib2",PACKAGE_VULNERABILITY,2024-11-19 12:48:06.985000+05:30,10,1,5.9
531341628109,"Bouncy Castle For Java before 1.74 is affected by an LDAP injection vulnerability. The vulnerability only affects applications that use an LDAP CertStore from Bouncy Castle to validate X.509 certificates. During the certificate validation process, Bouncy Castle inserts the certificate's Subject Name into an LDAP search filter without any escaping, which leads to an LDAP injection vulnerability.",NO,arn:aws:inspector2:ap-south-1:531341628109:finding/0e3e39c3baf1332d120806db26ef5742,2024-11-19 12:48:06.985000+05:30,NO,2024-11-19 12:48:06.985000+05:30,MEDIUM,ACTIVE,"CVE-2023-33201 - org.bouncycastle:bcprov-jdk15on, org.bouncycastle:bcprov-jdk15on",PACKAGE_VULNERABILITY,2024-11-19 12:48:06.985000+05:30,11,1,5.3
531341628109,"A vulnerability was found in SQLite SQLite3 up to 3.43.0 and classified as critical. This issue affects the function sessionReadRecord of the file ext/session/sqlite3session.c of the component make alltest Handler. The manipulation leads to heap-based buffer overflow. It is recommended to apply a patch to fix this issue. The associated identifier of this vulnerability is VDB-248999.

NOTE: https://sqlite.org/forum/forumpost/5bcbf4571c NOTE: Fixed by: https://sqlite.org/src/info/0e4e7a05c4204b47",NO,arn:aws:inspector2:ap-south-1:531341628109:finding/0e533fd814e258cb67239fdaa0669b09,2024-11-19 12:48:06.985000+05:30,YES,2024-11-19 12:48:06.985000+05:30,HIGH,ACTIVE,"CVE-2023-7104 - nss, nss-sysinit and 1 more",PACKAGE_VULNERABILITY,2024-11-19 12:48:06.985000+05:30,12,1,7.8
531341628109,Integer Overflow or Wraparound vulnerability in apr_base64 functions of Apache Portable Runtime Utility (APR-util) allows an attacker to write beyond bounds of a buffer. This issue affects Apache Portable Runtime Utility (APR-util) 1.6.1 and prior versions.,NO,arn:aws:inspector2:ap-south-1:531341628109:finding/0e8d6796dc39eed39c59445cb3a77323,2024-11-19 12:48:06.985000+05:30,YES,2024-11-19 12:48:06.985000+05:30,CRITICAL,ACTIVE,CVE-2022-24963 - apr,PACKAGE_VULNERABILITY,2024-11-19 12:48:06.985000+05:30,13,1,9.8
531341628109,"A flaw was found in glib before version 2.63.6. Due to random charset alias, pkexec can leak content from files owned by privileged users to unprivileged ones under the right condition.",NO,arn:aws:inspector2:ap-south-1:531341628109:finding/111799b0c8610513ba1a3576d6ff2f59,2024-11-19 12:48:06.985000+05:30,YES,2024-11-19 12:48:06.985000+05:30,MEDIUM,ACTIVE,CVE-2021-3800 - glib2,PACKAGE_VULNERABILITY,2024-11-19 12:48:06.985000+05:30,14,1,4.7
531341628109,"Issue summary: Checking excessively long DH keys or parameters may be very slow.

Impact summary: Applications that use the functions DH_check(), DH_check_ex() or EVP_PKEY_param_check() to check a DH key or DH parameters may experience long delays. Where the key or parameters that are being checked have been obtained from an untrusted source this may lead to a Denial of Service.

The function DH_check() performs various checks on DH parameters. After fixing CVE-2023-3446 it was discovered that a large q parameter value can also trigger an overly long computation during some of these checks. A correct q value, if present, cannot be larger than the modulus p parameter, thus it is unnecessary to perform these checks if q is larger than p.

An application that calls DH_check() and supplies a key or parameters obtained from an untrusted source could be vulnerable to a Denial of Service attack.

The function DH_check() is itself called by a number of other OpenSSL functions. An application calling any of those othe",NO,arn:aws:inspector2:ap-south-1:531341628109:finding/117956670746123676cf6e16d8fb9af5,2024-11-19 12:48:06.985000+05:30,YES,2024-11-19 12:48:06.985000+05:30,MEDIUM,ACTIVE,"CVE-2023-3817 - openssl, openssl-libs",PACKAGE_VULNERABILITY,2024-11-19 12:48:06.985000+05:30,15,1,5.3
531341628109,Use After Free in GitHub repository vim/vim prior to 9.0.0530.,NO,arn:aws:inspector2:ap-south-1:531341628109:finding/12271665de553112aa71d1d4f6f60e18,2024-11-19 12:48:06.985000+05:30,YES,2024-11-19 12:48:06.985000+05:30,HIGH,ACTIVE,"CVE-2022-3256 - vim-minimal, vim-data",PACKAGE_VULNERABILITY,2024-11-19 12:48:06.985000+05:30,16,1,7.8
531341628109,"An issue was discovered in Python before 3.11.1. An unnecessary quadratic algorithm exists in one path when processing some inputs to the IDNA (RFC 3490) decoder, such that a crafted, unreasonably long name being presented to the decoder could lead to a CPU denial of service. Hostnames are often supplied by remote servers that could be controlled by a malicious actor; in such a scenario, they could trigger excessive CPU consumption on the client attempting to make use of an attacker-supplied supposed hostname. For example, the attack payload could be placed in the Location header of an HTTP response with status code 302. A fix is planned in 3.11.1, 3.10.9, 3.9.16, 3.8.16, and 3.7.16.",NO,arn:aws:inspector2:ap-south-1:531341628109:finding/1313d387cc555beed10ced9e21b4cdc5,2024-11-19 12:48:06.985000+05:30,YES,2024-11-19 12:48:06.985000+05:30,HIGH,ACTIVE,"CVE-2022-45061 - python-libs, python",PACKAGE_VULNERABILITY,2024-11-19 12:48:06.985000+05:30,17,1,7.5
531341628109,An issue was discovered in OpenSSH 7.4 on Amazon Linux 2 and Amazon Linux 1. The fix for CVE-2019-6111 only covered cases where an absolute path is passed to scp. When a relative path is used there is no verification that the name of a file received by the client matches the file requested.,NO,arn:aws:inspector2:ap-south-1:531341628109:finding/142828be4de8292e4bde0e36149ded4e,2024-11-19 12:48:06.985000+05:30,YES,2024-11-19 12:48:06.985000+05:30,MEDIUM,ACTIVE,"CVE-2023-35812 - openssh, openssh-clients",PACKAGE_VULNERABILITY,2024-11-19 12:48:06.985000+05:30,18,1,5.3
531341628109,"Vim is an open source command line text editor. When parsing relative ex addresses one may unintentionally cause an overflow. Ironically this happens in the existing overflow check, because the line number becomes negative and LONG_MAX - lnum will cause the overflow. Impact is low, user interaction is required and a crash may not even happen in all situations. This issue has been addressed in commit `060623e` which has been included in release version 9.0.2110. Users are advised to upgrade. There are no known workarounds for this vulnerability.",NO,arn:aws:inspector2:ap-south-1:531341628109:finding/14537ae88c87b89763b6fe7ab8538eb2,2024-11-19 12:48:06.985000+05:30,YES,2024-11-19 12:48:06.985000+05:30,LOW,ACTIVE,"CVE-2023-48235 - vim-minimal, vim-data",PACKAGE_VULNERABILITY,2024-11-19 12:48:06.985000+05:30,19,1,2.8
531341628109,"Processing a maliciously formatted PKCS12 file may lead OpenSSL to crash leading to a potential Denial of Service attack

The package openssl098e is provided purely for binary compatibility with older Amazon Linux versions. It does not receive security updates.",NO,arn:aws:inspector2:ap-south-1:531341628109:finding/148e43883d942a264e612119750735e4,2024-11-19 12:48:06.985000+05:30,YES,2024-11-19 12:48:06.985000+05:30,LOW,ACTIVE,"CVE-2024-0727 - openssl, openssl-libs",PACKAGE_VULNERABILITY,2024-11-19 12:48:06.985000+05:30,20,1,3.3
531341628109,"When Apache Ivy downloads artifacts from a repository it stores them in the local file system based on a user-supplied ""pattern"" that may include placeholders for artifacts coordinates like the organisation, module or version. If said coordinates contain ""../"" sequences - which are valid characters for Ivy coordinates in general - it is possible the artifacts are stored outside of Ivy's local cache or repository or can overwrite different artifacts inside of the local cache. In order to exploit this vulnerability an attacker needs collaboration by the remote repository as Ivy will issue http requests containing "".."" sequences and a ""normal"" repository will not interpret them as part of the artifact coordinates. Users of Apache Ivy 2.0.0 to 2.5.1 should upgrade to Ivy 2.5.1.",NO,arn:aws:inspector2:ap-south-1:531341628109:finding/14d7d764ee0ab1e381c7336744af85c9,2024-11-19 12:48:06.985000+05:30,YES,2024-11-19 12:48:06.985000+05:30,HIGH,ACTIVE,CVE-2022-37866 - org.apache.ivy:ivy,PACKAGE_VULNERABILITY,2024-11-19 12:48:06.985000+05:30,21,1,7.5
531341628109,Integer Overflow or Wraparound vulnerability in apr_base64 functions of Apache Portable Runtime Utility (APR-util) allows an attacker to write beyond bounds of a buffer. This issue affects Apache Portable Runtime Utility (APR-util) 1.6.1 and prior versions.,NO,arn:aws:inspector2:ap-south-1:531341628109:finding/15937401de7e97eae84147a9e131aec4,2024-11-19 12:48:06.985000+05:30,YES,2024-11-19 12:48:06.985000+05:30,MEDIUM,ACTIVE,"CVE-2022-25147 - apr-util-bdb, apr-util",PACKAGE_VULNERABILITY,2024-11-19 12:48:06.985000+05:30,22,1,6.5
531341628109,"Spring WebFlux applications that have Spring Security authorization rules on static resources can be bypassed under certain circumstances.

For this to impact an application, all of the following must be true:

 * It must be a WebFlux application * It must be using Spring's static resources support * It must have a non-permitAll authorization rule applied to the static resources support",YES,arn:aws:inspector2:ap-south-1:531341628109:finding/15fced83807493dcb05b468ed6ac2faa,2024-11-19 12:48:06.985000+05:30,YES,2024-11-19 12:48:06.985000+05:30,UNTRIAGED,ACTIVE,CVE-2024-38821 - org.springframework.security:spring-security-web,PACKAGE_VULNERABILITY,2024-11-19 12:48:06.985000+05:30,23,1,
531341628109,"In Spring Security, versions 5.7.x prior to 5.7.12, 5.8.x prior to 5.8.11, versions 6.0.x prior to 6.0.9, versions 6.1.x prior to 6.1.8, versions 6.2.x prior to 6.2.3, an application is possible vulnerable to broken access control when it directly uses the AuthenticatedVoter#vote passing a null Authentication parameter.",NO,arn:aws:inspector2:ap-south-1:531341628109:finding/190eb7c62ca478103d6f52bd8582667d,2024-11-19 12:48:06.985000+05:30,YES,2024-11-19 12:48:06.985000+05:30,UNTRIAGED,ACTIVE,CVE-2024-22257 - org.springframework.security:spring-security-core,PACKAGE_VULNERABILITY,2024-11-19 12:48:06.985000+05:30,24,1,
531341628109,Out-of-bounds Write in GitHub repository vim/vim prior to 9.0.1847.,NO,arn:aws:inspector2:ap-south-1:531341628109:finding/191c6bd3093cfe907180e9cd22be3ee7,2024-11-19 12:48:06.985000+05:30,YES,2024-11-19 12:48:06.985000+05:30,MEDIUM,ACTIVE,"CVE-2023-4735 - vim-minimal, vim-data",PACKAGE_VULNERABILITY,2024-11-19 12:48:06.985000+05:30,25,1,4.8
531341628109,"Git is a revision control system. Using a specially-crafted repository, Git prior to versions 2.39.2, 2.38.4, 2.37.6, 2.36.5, 2.35.7, 2.34.7, 2.33.7, 2.32.6, 2.31.7, and 2.30.8 can be tricked into using its local clone optimization even when using a non-local transport. Though Git will abort local clones whose source `$GIT_DIR/objects` directory contains symbolic links, the `objects` directory itself may still be a symbolic link. These two may be combined to include arbitrary files based on known paths on the victim's filesystem within the malicious repository's working copy, allowing for data exfiltration in a similar manner as CVE-2022-39253.

A fix has been prepared and will appear in v2.39.2 v2.38.4 v2.37.6 v2.36.5 v2.35.7 v2.34.7 v2.33.7 v2.32.6, v2.31.7 and v2.30.8. If upgrading is impractical, two short-term workarounds are available. Avoid cloning repositories from untrusted sources with `--recurse-submodules`. Instead, consider cloning repositories without recursively cloning their submodules, and in",NO,arn:aws:inspector2:ap-south-1:531341628109:finding/19993c972c394b90f36ea7163bf0904d,2024-11-19 12:48:06.985000+05:30,YES,2024-11-19 12:48:06.985000+05:30,MEDIUM,ACTIVE,"CVE-2023-22490 - perl-Git, git-core-doc and 2 more",PACKAGE_VULNERABILITY,2024-11-19 12:48:06.985000+05:30,26,1,5.5
531341628109,"jsoup is a Java HTML parser, built for HTML editing, cleaning, scraping, and cross-site scripting (XSS) safety. jsoup may incorrectly sanitize HTML including `javascript:` URL expressions, which could allow XSS attacks when a reader subsequently clicks that link. If the non-default `SafeList.preserveRelativeLinks` option is enabled, HTML including `javascript:` URLs that have been crafted with control characters will not be sanitized. If the site that this HTML is published on does not set a Content Security Policy, an XSS attack is then possible. This issue is patched in jsoup 1.15.3. Users should upgrade to this version. Additionally, as the unsanitized input may have been persisted, old content should be cleaned again using the updated version. To remediate this issue without immediately upgrading: - disable `SafeList.preserveRelativeLinks`, which will rewrite input URLs as absolute URLs - ensure an appropriate [Content Security Policy](https://developer.mozilla.org/en-US/docs/Web/HTTP/CSP) is defined. (Th",NO,arn:aws:inspector2:ap-south-1:531341628109:finding/1b3b12af6de71c81fc83efdcc1dd80cc,2024-11-19 12:48:06.985000+05:30,YES,2024-11-19 12:48:06.985000+05:30,MEDIUM,ACTIVE,CVE-2022-36033 - org.jsoup:jsoup,PACKAGE_VULNERABILITY,2024-11-19 12:48:06.985000+05:30,27,1,6.1
531341628109,pax_decode_header in sparse.c in GNU Tar before 1.32 had a NULL pointer dereference when parsing certain archives that have malformed extended headers.,NO,arn:aws:inspector2:ap-south-1:531341628109:finding/1c29cd08760d38357cda9be3a3edbcf5,2024-11-19 12:48:06.985000+05:30,YES,2024-11-19 12:48:06.985000+05:30,MEDIUM,ACTIVE,CVE-2019-9923 - tar,PACKAGE_VULNERABILITY,2024-11-19 12:48:06.985000+05:30,28,1,6.2
531341628109,The CIL compiler in SELinux 3.2 has a heap-based buffer over-read in ebitmap_match_any (called indirectly from cil_check_neverallow). This occurs because there is sometimes a lack of checks for invalid statements in an optional block.,NO,arn:aws:inspector2:ap-south-1:531341628109:finding/1c2ba384468c07e31f5fd8dee74ac887,2024-11-19 12:48:06.985000+05:30,YES,2024-11-19 12:48:06.985000+05:30,LOW,ACTIVE,CVE-2021-36087 - libsepol,PACKAGE_VULNERABILITY,2024-11-19 12:48:06.985000+05:30,29,1,3.3
531341628109,Potential heap based buffer overflow found in _bfd_elf_slurp_version_tables() in bfd/elf.c.,NO,arn:aws:inspector2:ap-south-1:531341628109:finding/1c33b7512b1aefaf3def3ddc4d6f83eb,2024-11-19 12:48:06.985000+05:30,YES,2024-11-19 12:48:06.985000+05:30,MEDIUM,ACTIVE,CVE-2023-1972 - binutils,PACKAGE_VULNERABILITY,2024-11-19 12:48:06.985000+05:30,30,1,4.7
531341628109,"Issue summary: Processing some specially crafted ASN.1 object identifiers or data containing them may be very slow.

Impact summary: Applications that use OBJ_obj2txt() directly, or use any of the OpenSSL subsystems OCSP, PKCS7/SMIME, CMS, CMP/CRMF or TS with no message size limit may experience notable to very long delays when processing those messages, which may lead to a Denial of Service.

An OBJECT IDENTIFIER is composed of a series of numbers - sub-identifiers - most of which have no size limit. OBJ_obj2txt() may be used to translate an ASN.1 OBJECT IDENTIFIER given in DER encoding form (using the OpenSSL type ASN1_OBJECT) to its canonical numeric text form, which are the sub-identifiers of the OBJECT IDENTIFIER in decimal form, separated by periods.

When one of the sub-identifiers in the OBJECT IDENTIFIER is very large (these are sizes that are seen as absurdly large, taking up tens or hundreds of KiBs), the translation to a decimal number in text may take a very long time. The time complexity is O(n^",NO,arn:aws:inspector2:ap-south-1:531341628109:finding/1de415a1af1678f949a3389d80ff8b8f,2024-11-19 12:48:06.985000+05:30,YES,2024-11-19 12:48:06.985000+05:30,MEDIUM,ACTIVE,"CVE-2023-2650 - openssl, openssl-libs",PACKAGE_VULNERABILITY,2024-11-19 12:48:06.985000+05:30,31,1,5.9
531341628109,An issue was discovered in Bouncy Castle Java Cryptography APIs before 1.78. An Ed25519 verification code infinite loop can occur via a crafted signature and public key.,NO,arn:aws:inspector2:ap-south-1:531341628109:finding/1e4566afad24518a6d353aba5a008c87,2024-11-19 12:48:06.985000+05:30,YES,2024-11-19 12:48:06.985000+05:30,UNTRIAGED,ACTIVE,"CVE-2024-30172 - org.bouncycastle:bcprov-jdk15on, org.bouncycastle:bcprov-jdk15on",PACKAGE_VULNERABILITY,2024-11-19 12:48:06.985000+05:30,32,1,
531341628109,lib/kadm5/kadm_rpc_xdr.c in MIT Kerberos 5 (aka krb5) before 1.20.2 and 1.21.x before 1.21.1 frees an uninitialized pointer. A remote authenticated user can trigger a kadmind crash. This occurs because _xdr_kadm5_principal_ent_rec does not validate the relationship between n_key_data and the key_data array count.,NO,arn:aws:inspector2:ap-south-1:531341628109:finding/1e6adaee14d2b608dfff0e07a9fd4037,2024-11-19 12:48:06.985000+05:30,YES,2024-11-19 12:48:06.985000+05:30,MEDIUM,ACTIVE,CVE-2023-36054 - krb5-libs,PACKAGE_VULNERABILITY,2024-11-19 12:48:06.985000+05:30,33,1,6.5
531341628109,Heap-based Buffer Overflow in GitHub repository vim/vim prior to 9.0.1873.,NO,arn:aws:inspector2:ap-south-1:531341628109:finding/2008f21a0f2e52ab27458911d1711e96,2024-11-19 12:48:06.985000+05:30,YES,2024-11-19 12:48:06.985000+05:30,HIGH,ACTIVE,"CVE-2023-4781 - vim-minimal, vim-data",PACKAGE_VULNERABILITY,2024-11-19 12:48:06.985000+05:30,34,1,7.8
531341628109,Heap-based Buffer Overflow in GitHub repository vim/vim prior to 9.0.1189.,NO,arn:aws:inspector2:ap-south-1:531341628109:finding/214e9f308792414e1fe13d6ad9cad616,2024-11-19 12:48:06.985000+05:30,YES,2024-11-19 12:48:06.985000+05:30,HIGH,ACTIVE,"CVE-2023-0288 - vim-minimal, vim-data",PACKAGE_VULNERABILITY,2024-11-19 12:48:06.985000+05:30,35,1,7.3
531341628109,"Issue summary: Checking excessively long DH keys or parameters may be very slow.

Impact summary: Applications that use the functions DH_check(), DH_check_ex() or EVP_PKEY_param_check() to check a DH key or DH parameters may experience long delays. Where the key or parameters that are being checked have been obtained from an untrusted source this may lead to a Denial of Service.

The function DH_check() performs various checks on DH parameters. One of those checks confirms that the modulus ('p' parameter) is not too large. Trying to use a very large modulus is slow and OpenSSL will not normally use a modulus which is over 10,000 bits in length.

However the DH_check() function checks numerous aspects of the key or parameters that have been supplied. Some of those checks use the supplied modulus value even if it has already been found to be too large.

An application that calls DH_check() and supplies a key or parameters obtained from an untrusted source could be vulernable to a Denial of Service attack.

The ",NO,arn:aws:inspector2:ap-south-1:531341628109:finding/21773656c03c957af3e99f1053d33ba9,2024-11-19 12:48:06.985000+05:30,YES,2024-11-19 12:48:06.985000+05:30,LOW,ACTIVE,"CVE-2023-3446 - openssl, openssl-libs",PACKAGE_VULNERABILITY,2024-11-19 12:48:06.985000+05:30,36,1,3.7
531341628109,"Amazon Ion is a Java implementation of the Ion data notation. Prior to version 1.10.5, a potential denial-of-service issue exists in `ion-java` for applications that use `ion-java` to deserialize Ion text encoded data, or deserialize Ion text or binary encoded data into the `IonValue` model and then invoke certain `IonValue` methods on that in-memory representation. An actor could craft Ion data that, when loaded by the affected application and/or processed using the `IonValue` model, results in a `StackOverflowError` originating from the `ion-java` library. The patch is included in `ion-java` 1.10.5. As a workaround, do not load data which originated from an untrusted source or that could have been tampered with.",NO,arn:aws:inspector2:ap-south-1:531341628109:finding/21dba36a0f960642441b46afd27ac361,2024-11-19 12:48:06.985000+05:30,NO,2024-11-19 12:48:06.985000+05:30,HIGH,ACTIVE,"CVE-2024-21634 - software.amazon.ion:ion-java, software.amazon.ion:ion-java",PACKAGE_VULNERABILITY,2024-11-19 12:48:06.985000+05:30,37,1,7.5
531341628109,Integer overflow vulnerability in tool_operate.c in curl 7.65.2 via crafted value as the retry delay.,NO,arn:aws:inspector2:ap-south-1:531341628109:finding/2239287a6e165305949a0e760ba8e84b,2024-11-19 12:48:06.985000+05:30,YES,2024-11-19 12:48:06.985000+05:30,LOW,ACTIVE,"CVE-2020-19909 - libcurl, curl",PACKAGE_VULNERABILITY,2024-11-19 12:48:06.985000+05:30,38,1,3.3
531341628109,"Improper Restriction of XML External Entity Reference, XML Injection (aka Blind XPath Injection) vulnerability in Apache Software Foundation Apache Ivy.This issue affects any version of Apache Ivy prior to 2.5.2.

When Apache Ivy prior to 2.5.2 parses XML files - either its own configuration, Ivy files or Apache Maven POMs - it will allow downloading external document type definitions and expand any entity references contained therein when used.

This can be used to exfiltrate data, access resources only the machine running Ivy has access to or disturb the execution of Ivy in different ways.

Starting with Ivy 2.5.2 DTD processing is disabled by default except when parsing Maven POMs where the default is to allow DTD processing but only to include a DTD snippet shipping with Ivy that is needed to deal with existing Maven POMs that are not valid XML files but are nevertheless accepted by Maven. Access can be be made more lenient via newly introduced system properties where needed.

Users of Ivy prior to versio",NO,arn:aws:inspector2:ap-south-1:531341628109:finding/2368006035c9fd0709e7b11654138f02,2024-11-19 12:48:06.985000+05:30,YES,2024-11-19 12:48:06.985000+05:30,HIGH,ACTIVE,CVE-2022-46751 - org.apache.ivy:ivy,PACKAGE_VULNERABILITY,2024-11-19 12:48:06.985000+05:30,39,1,8.2
531341628109,A memory consumption issue in get_data function in binutils/nm.c in GNU nm before 2.34 allows attackers to cause a denial of service via crafted command.,NO,arn:aws:inspector2:ap-south-1:531341628109:finding/23ec99468f61074af0f18ddcc613c3c5,2024-11-19 12:48:06.985000+05:30,YES,2024-11-19 12:48:06.985000+05:30,MEDIUM,ACTIVE,CVE-2020-19724 - binutils,PACKAGE_VULNERABILITY,2024-11-19 12:48:06.985000+05:30,40,1,5.5
531341628109,"A flaw was found in vim. The vulnerability occurs due to illegal memory access and leads to a heap buffer overflow. This flaw allows an attacker to input a specially crafted file, leading to a crash or code execution.",NO,arn:aws:inspector2:ap-south-1:531341628109:finding/256b6dc8832af71c644fba81132331d4,2024-11-19 12:48:06.985000+05:30,YES,2024-11-19 12:48:06.985000+05:30,HIGH,ACTIVE,"CVE-2022-2581 - vim-minimal, vim-data",PACKAGE_VULNERABILITY,2024-11-19 12:48:06.985000+05:30,41,1,7.8
531341628109,Buffer Overflow vulnerability in _nc_find_entry function in tinfo/comp_hash.c:66 in ncurses 6.1 allows remote attackers to cause a denial of service via crafted command.,NO,arn:aws:inspector2:ap-south-1:531341628109:finding/25cf1938d93d920b9f376a0f8de80785,2024-11-19 12:48:06.985000+05:30,YES,2024-11-19 12:48:06.985000+05:30,MEDIUM,ACTIVE,"CVE-2020-19186 - ncurses-base, ncurses and 1 more",PACKAGE_VULNERABILITY,2024-11-19 12:48:06.985000+05:30,42,1,6.5
531341628109,"A type confusion vulnerability was found in OpenSSL when OpenSSL X.400 addresses processing inside an X.509 GeneralName. When CRL checking is enabled (for example, the application sets the X509_V_FLAG_CRL_CHECK flag), this vulnerability may allow an attacker to pass arbitrary pointers to a memcmp call, enabling them to read memory contents or cause a denial of service. In most cases, the attack requires the attacker to provide both the certificate chain and CRL, of which neither needs a valid signature. If the attacker only controls one of these inputs, the other input must already contain an X.400 address as a CRL distribution point, which is uncommon. In this case, this vulnerability is likely only to affect applications that have implemented their own functionality for retrieving CRLs over a network.",NO,arn:aws:inspector2:ap-south-1:531341628109:finding/25fec78cd4314cbe9a630731771c0de5,2024-11-19 12:48:06.985000+05:30,YES,2024-11-19 12:48:06.985000+05:30,HIGH,ACTIVE,"CVE-2023-0286 - openssl, openssl-libs",PACKAGE_VULNERABILITY,2024-11-19 12:48:06.985000+05:30,43,1,7.4
531341628109,Stack-based Buffer Overflow in GitHub repository vim/vim prior to 9.0.0577.,NO,arn:aws:inspector2:ap-south-1:531341628109:finding/2843f52c0e6cd81bed096426c3f92423,2024-11-19 12:48:06.985000+05:30,YES,2024-11-19 12:48:06.985000+05:30,HIGH,ACTIVE,"CVE-2022-3296 - vim-minimal, vim-data",PACKAGE_VULNERABILITY,2024-11-19 12:48:06.985000+05:30,44,1,7.8
531341628109,"vim 8.2.2348 is affected by null pointer dereference, allows local attackers to cause a denial of service (DoS) via the ex_buffer_all method.",NO,arn:aws:inspector2:ap-south-1:531341628109:finding/28e20c66304df2498970536da719bebe,2024-11-19 12:48:06.985000+05:30,YES,2024-11-19 12:48:06.985000+05:30,MEDIUM,ACTIVE,"CVE-2021-3236 - vim-minimal, vim-data",PACKAGE_VULNERABILITY,2024-11-19 12:48:06.985000+05:30,45,1,5.5
531341628109,There is a heap-based buffer over-read in the fmt_entry function in tinfo/comp_hash.c in the terminfo library in ncurses before 6.1-20191012.,NO,arn:aws:inspector2:ap-south-1:531341628109:finding/2ce5744d1cfae35bfbea7a4ff59652ec,2024-11-19 12:48:06.985000+05:30,YES,2024-11-19 12:48:06.985000+05:30,MEDIUM,ACTIVE,"CVE-2019-17595 - ncurses-base, ncurses and 1 more",PACKAGE_VULNERABILITY,2024-11-19 12:48:06.985000+05:30,46,1,5.4
531341628109,"The curl advisory describes this issue as follows:

curl supports communicating using the TELNET protocol and as a part of this it offers users to pass on user name and ""telnet options"" for the server negotiation.

Due to lack of proper input scrubbing and without it being the documented functionality, curl would pass on user name and telnet options to the server as provided. This could allow users to pass in carefully crafted content that pass on content or do option negotiation without the application intending to do so. In particular if an application for example allows users to provide the data or parts of the data.",NO,arn:aws:inspector2:ap-south-1:531341628109:finding/2db0544c8d274817fb0e62858361bcde,2024-11-19 12:48:06.985000+05:30,YES,2024-11-19 12:48:06.985000+05:30,MEDIUM,ACTIVE,"CVE-2023-27533 - libcurl, curl",PACKAGE_VULNERABILITY,2024-11-19 12:48:06.985000+05:30,47,1,4.5
531341628109,"An issue was discovered in D-Bus before 1.12.24, 1.13.x and 1.14.x before 1.14.4, and 1.15.x before 1.15.2. An authenticated attacker can cause dbus-daemon and other programs that use libdbus to crash by sending a message with attached file descriptors in an unexpected format.",NO,arn:aws:inspector2:ap-south-1:531341628109:finding/2e4b54d11b60bfc323093eb7860823d7,2024-11-19 12:48:06.985000+05:30,YES,2024-11-19 12:48:06.985000+05:30,MEDIUM,ACTIVE,"CVE-2022-42012 - dbus-libs, dbus",PACKAGE_VULNERABILITY,2024-11-19 12:48:06.985000+05:30,48,1,6.0
531341628109,"When a protocol selection parameter option disables all protocols without adding any then the default set of protocols would remain in the allowed set due to an error in the logic for removing protocols. The below command would perform a request to curl.se with a plaintext protocol which has been explicitly disabled. curl --proto -all,-http http://curl.se The flaw is only present if the set of selected protocols disables the entire set of available protocols, in itself a command with no practical use and therefore unlikely to be encountered in real situations. The curl security team has thus assessed this to be low severity bug.",NO,arn:aws:inspector2:ap-south-1:531341628109:finding/2f313558118c023f7307ec149cc2c094,2024-11-19 12:48:06.985000+05:30,YES,2024-11-19 12:48:06.985000+05:30,MEDIUM,ACTIVE,"CVE-2024-2004 - libcurl, curl",PACKAGE_VULNERABILITY,2024-11-19 12:48:06.985000+05:30,49,1,5.3
531341628109,"An issue was discovered in libxml2 before 2.10.3. Certain invalid XML entity definitions can corrupt a hash table key, potentially leading to subsequent logic errors. In one case, a double-free can be provoked.",NO,arn:aws:inspector2:ap-south-1:531341628109:finding/31f58ad82faaa76a301b49c4a3c20c2e,2024-11-19 12:48:06.985000+05:30,YES,2024-11-19 12:48:06.985000+05:30,HIGH,ACTIVE,CVE-2022-40304 - libxml2,PACKAGE_VULNERABILITY,2024-11-19 12:48:06.985000+05:30,50,1,8.2
531341628109,"The curl advisory describes this issue as follows:

libcurl supports sharing HSTS data between separate ""handles"". This sharing was introduced without considerations for doing this sharing across separate threads, but there was no indication of this fact in the documentation. Due to missing mutexes or thread locks, two threads sharing the same HSTS data could end up doing a double-free or use-after-free.",NO,arn:aws:inspector2:ap-south-1:531341628109:finding/356e95994e2f67232617b5bd95fbfd7d,2024-11-19 12:48:06.985000+05:30,YES,2024-11-19 12:48:06.985000+05:30,MEDIUM,ACTIVE,"CVE-2023-27537 - libcurl, curl",PACKAGE_VULNERABILITY,2024-11-19 12:48:06.985000+05:30,51,1,5.8
531341628109,"A flaw was found in vim. The vulnerability occurs due to illegal memory access and leads to a heap buffer overflow vulnerability. This flaw allows an attacker to input a specially crafted file, leading to a crash or code execution.",NO,arn:aws:inspector2:ap-south-1:531341628109:finding/3b72e0d67e5d01350142a5f4b9e86549,2024-11-19 12:48:06.985000+05:30,YES,2024-11-19 12:48:06.985000+05:30,HIGH,ACTIVE,"CVE-2022-2571 - vim-minimal, vim-data",PACKAGE_VULNERABILITY,2024-11-19 12:48:06.985000+05:30,52,1,7.8
531341628109,Use After Free in GitHub repository vim/vim prior to v9.0.2010.,NO,arn:aws:inspector2:ap-south-1:531341628109:finding/3c1569c2f443a24d08469c2b1f7cfe56,2024-11-19 12:48:06.985000+05:30,YES,2024-11-19 12:48:06.985000+05:30,LOW,ACTIVE,"CVE-2023-5535 - vim-minimal, vim-data",PACKAGE_VULNERABILITY,2024-11-19 12:48:06.985000+05:30,53,1,3.3
531341628109,NULL Pointer Dereference in GitHub repository vim/vim prior to 9.0.1392.,NO,arn:aws:inspector2:ap-south-1:531341628109:finding/3c2e1892aded988ac354522b6f7186ff,2024-11-19 12:48:06.985000+05:30,YES,2024-11-19 12:48:06.985000+05:30,MEDIUM,ACTIVE,"CVE-2023-1264 - vim-minimal, vim-data",PACKAGE_VULNERABILITY,2024-11-19 12:48:06.985000+05:30,54,1,5.5
531341628109,Stack-based Buffer Overflow in GitHub repository vim/vim prior to 9.0.0598.,NO,arn:aws:inspector2:ap-south-1:531341628109:finding/3cead3d92ccc574506428f90306fd995,2024-11-19 12:48:06.985000+05:30,YES,2024-11-19 12:48:06.985000+05:30,HIGH,ACTIVE,"CVE-2022-3324 - vim-minimal, vim-data",PACKAGE_VULNERABILITY,2024-11-19 12:48:06.985000+05:30,55,1,7.8
531341628109,"Denial of Service due to improper input validation vulnerability for HTTP/2 requests in Apache Tomcat. When processing an HTTP/2 request, if the request exceeded any of the configured limits for headers, the associated HTTP/2 stream was not reset until after all of the headers had been processed.This issue affects Apache Tomcat: from 11.0.0-M1 through 11.0.0-M16, from 10.1.0-M1 through 10.1.18, from 9.0.0-M1 through 9.0.85, from 8.5.0 through 8.5.98.

Users are recommended to upgrade to version 11.0.0-M17, 10.1.19, 9.0.86 or 8.5.99 which fix the issue.",NO,arn:aws:inspector2:ap-south-1:531341628109:finding/3e06d2e0a8860e2ecd162b5838f39804,2024-11-19 12:48:06.985000+05:30,YES,2024-11-19 12:48:06.985000+05:30,UNTRIAGED,ACTIVE,CVE-2024-24549 - org.apache.tomcat.embed:tomcat-embed-core,PACKAGE_VULNERABILITY,2024-11-19 12:48:06.985000+05:30,56,1,
531341628109,"GNOME GLib before 2.65.3 has an integer overflow, that might lead to an out-of-bounds write, in g_option_group_add_entries. NOTE: the vendor's position is ""Realistically this is not a security issue. The standard pattern is for callers to provide a static list of option entries in a fixed number of calls to g_option_group_add_entries()."" The researcher states that this pattern is undocumented",NO,arn:aws:inspector2:ap-south-1:531341628109:finding/3e6f015504a22f3d1befb3da9d652c90,2024-11-19 12:48:06.985000+05:30,YES,2024-11-19 12:48:06.985000+05:30,HIGH,ACTIVE,CVE-2020-35457 - glib2,PACKAGE_VULNERABILITY,2024-11-19 12:48:06.985000+05:30,57,1,7.0
531341628109,"Apache Commons HttpClient 3.x, as used in Amazon Flexible Payments Service (FPS) merchant Java SDK and other products, does not verify that the server hostname matches a domain name in the subject's Common Name (CN) or subjectAltName field of the X.509 certificate, which allows man-in-the-middle attackers to spoof SSL servers via an arbitrary valid certificate.",NO,arn:aws:inspector2:ap-south-1:531341628109:finding/3f8a9a3b5a897abbdb843878503a5dc8,2024-11-19 12:48:06.985000+05:30,NO,2024-11-19 12:48:06.985000+05:30,MEDIUM,ACTIVE,CVE-2012-5783 - commons-httpclient:commons-httpclient,PACKAGE_VULNERABILITY,2024-11-19 12:48:06.985000+05:30,58,1,
531341628109,"A flaw was discovered in OpenLDAP before 2.4.57 leading to a slapd crash in the Values Return Filter control handling, resulting in denial of service (double free and out-of-bounds read).",NO,arn:aws:inspector2:ap-south-1:531341628109:finding/40012c7e2b7223791c20de4a2c184af1,2024-11-19 12:48:06.985000+05:30,YES,2024-11-19 12:48:06.985000+05:30,HIGH,ACTIVE,CVE-2020-36223 - openldap,PACKAGE_VULNERABILITY,2024-11-19 12:48:06.985000+05:30,59,1,7.5
531341628109,"ncurses before 6.4 20230408, when used by a setuid application, allows local users to trigger security-relevant memory corruption via malformed data in a terminfo database file that is found in $HOME/.terminfo or reached via the TERMINFO or TERM environment variable.",NO,arn:aws:inspector2:ap-south-1:531341628109:finding/40820da5d6705b4bca5edda1219d3f66,2024-11-19 12:48:06.985000+05:30,YES,2024-11-19 12:48:06.985000+05:30,HIGH,ACTIVE,"CVE-2023-29491 - ncurses-base, ncurses and 1 more",PACKAGE_VULNERABILITY,2024-11-19 12:48:06.985000+05:30,60,1,7.8
531341628109,"A flaw was discovered in ldap_X509dn2bv in OpenLDAP before 2.4.57 leading to a slapd crash in the X.509 DN parsing in ad_keystring, resulting in denial of service.",NO,arn:aws:inspector2:ap-south-1:531341628109:finding/42e20a3891e8c81deb0d20d6c8f8b9e0,2024-11-19 12:48:06.985000+05:30,YES,2024-11-19 12:48:06.985000+05:30,HIGH,ACTIVE,CVE-2020-36229 - openldap,PACKAGE_VULNERABILITY,2024-11-19 12:48:06.985000+05:30,61,1,7.5
531341628109,"A flaw was discovered in OpenLDAP before 2.4.57 leading to an infinite loop in slapd with the cancel_extop Cancel operation, resulting in denial of service.",NO,arn:aws:inspector2:ap-south-1:531341628109:finding/4467859ed0eaa95b9ec88a757b1f8422,2024-11-19 12:48:06.985000+05:30,YES,2024-11-19 12:48:06.985000+05:30,HIGH,ACTIVE,CVE-2020-36227 - openldap,PACKAGE_VULNERABILITY,2024-11-19 12:48:06.985000+05:30,62,1,7.5
531341628109,GNU Tar through 1.34 has a one-byte out-of-bounds read that results in use of uninitialized memory for a conditional jump. Exploitation to change the flow of control has not been demonstrated. The issue occurs in from_header in list.c via a V7 archive in which mtime has approximately 11 whitespace characters.,NO,arn:aws:inspector2:ap-south-1:531341628109:finding/46db23431b3b049772964996831396d3,2024-11-19 12:48:06.985000+05:30,YES,2024-11-19 12:48:06.985000+05:30,HIGH,ACTIVE,CVE-2022-48303 - tar,PACKAGE_VULNERABILITY,2024-11-19 12:48:06.985000+05:30,63,1,7.8
531341628109,Buffer Overflow vulnerability in postprocess_terminfo function in tinfo/parse_entry.c:997 in ncurses 6.1 allows remote attackers to cause a denial of service via crafted command.,NO,arn:aws:inspector2:ap-south-1:531341628109:finding/471e3233d3c24d316e299b5050ded8e6,2024-11-19 12:48:06.985000+05:30,YES,2024-11-19 12:48:06.985000+05:30,MEDIUM,ACTIVE,"CVE-2020-19189 - ncurses-base, ncurses and 1 more",PACKAGE_VULNERABILITY,2024-11-19 12:48:06.985000+05:30,64,1,6.5
531341628109,Heap-based Buffer Overflow in GitHub repository vim/vim prior to 9.0.1144.,NO,arn:aws:inspector2:ap-south-1:531341628109:finding/47591d879e50c10431e1dbfc1816d3c9,2024-11-19 12:48:06.985000+05:30,YES,2024-11-19 12:48:06.985000+05:30,HIGH,ACTIVE,"CVE-2023-0051 - vim-minimal, vim-data",PACKAGE_VULNERABILITY,2024-11-19 12:48:06.985000+05:30,65,1,7.8
531341628109,An attacker could construct a PKCS 12 cert bundle in such a way that could allow for arbitrary memory writes via PKCS 12 Safe Bag attributes being mishandled.,NO,arn:aws:inspector2:ap-south-1:531341628109:finding/4a1152c4cdd5660bdbc8c66b8ad2d5d3,2024-11-19 12:48:06.985000+05:30,YES,2024-11-19 12:48:06.985000+05:30,HIGH,ACTIVE,"CVE-2023-0767 - nss, nss-sysinit and 1 more",PACKAGE_VULNERABILITY,2024-11-19 12:48:06.985000+05:30,66,1,7.5
531341628109,Divide By Zero in GitHub repository vim/vim prior to 9.0.1367.,NO,arn:aws:inspector2:ap-south-1:531341628109:finding/4a6e48688f28e49ec657c9fdd9c4494d,2024-11-19 12:48:06.985000+05:30,YES,2024-11-19 12:48:06.985000+05:30,LOW,ACTIVE,"CVE-2023-1127 - vim-minimal, vim-data",PACKAGE_VULNERABILITY,2024-11-19 12:48:06.985000+05:30,67,1,3.9
531341628109,"HTTP::Tiny 0.082, a Perl core module since 5.13.9 and available standalone on CPAN, has an insecure default TLS configuration where users must opt in to verify certificates.",NO,arn:aws:inspector2:ap-south-1:531341628109:finding/4bfe71c43c655d08ca08a0bf893186ab,2024-11-19 12:48:06.985000+05:30,YES,2024-11-19 12:48:06.985000+05:30,HIGH,ACTIVE,"CVE-2023-31484 - perl-libs, perl-Pod-Escapes and 2 more",PACKAGE_VULNERABILITY,2024-11-19 12:48:06.985000+05:30,68,1,7.4
531341628109,nghttp2 is an implementation of the Hypertext Transfer Protocol version 2 in C. The nghttp2 library prior to version 1.61.0 keeps reading the unbounded number of HTTP/2 CONTINUATION frames even after a stream is reset to keep HPACK context in sync. This causes excessive CPU usage to decode HPACK stream. nghttp2 v1.61.0 mitigates this vulnerability by limiting the number of CONTINUATION frames it accepts per stream. There is no workaround for this vulnerability.,NO,arn:aws:inspector2:ap-south-1:531341628109:finding/4fac2117d9859886ab77bd672a6fea1a,2024-11-19 12:48:06.985000+05:30,YES,2024-11-19 12:48:06.985000+05:30,HIGH,ACTIVE,"CVE-2024-28182 - libnghttp2, nghttp2",PACKAGE_VULNERABILITY,2024-11-19 12:48:06.985000+05:30,69,1,7.5
531341628109,"In Connect2id Nimbus JOSE+JWT before 9.37.2, an attacker can cause a denial of service (resource consumption) via a large JWE p2c header value (aka iteration count) for the PasswordBasedDecrypter (PBKDF2) component.",NO,arn:aws:inspector2:ap-south-1:531341628109:finding/50f3117ae011621ec5e617e3a3422dcc,2024-11-19 12:48:06.985000+05:30,YES,2024-11-19 12:48:06.985000+05:30,HIGH,ACTIVE,CVE-2023-52428 - com.nimbusds:nimbus-jose-jwt,PACKAGE_VULNERABILITY,2024-11-19 12:48:06.985000+05:30,70,1,7.5
531341628109,"An integer underflow was discovered in OpenLDAP before 2.4.57 leading to a slapd crash in the Certificate List Exact Assertion processing, resulting in denial of service.",NO,arn:aws:inspector2:ap-south-1:531341628109:finding/525e0ee21a1e85b24bf8cad3a791f521,2024-11-19 12:48:06.985000+05:30,YES,2024-11-19 12:48:06.985000+05:30,HIGH,ACTIVE,CVE-2020-36228 - openldap,PACKAGE_VULNERABILITY,2024-11-19 12:48:06.985000+05:30,71,1,7.5
531341628109,"When curl retrieves an HTTP response, it stores the incoming headers so that they can be accessed later via the libcurl headers API.

However, curl did not have a limit in how many or how large headers it would accept in a response, allowing a malicious server to stream an endless series of headers and eventually cause curl to run out of heap memory.",NO,arn:aws:inspector2:ap-south-1:531341628109:finding/52d48d0bea7aa74ade61c2de4832b0c1,2024-11-19 12:48:06.985000+05:30,YES,2024-11-19 12:48:06.985000+05:30,HIGH,ACTIVE,"CVE-2023-38039 - libcurl, curl",PACKAGE_VULNERABILITY,2024-11-19 12:48:06.985000+05:30,72,1,7.5
531341628109,Applications that use a non-default option when verifying certificates may be vulnerable to an attack from a malicious CA to circumvent certain checks. Invalid certificate policies in leaf certificates are silently ignored by OpenSSL and other certificate policy checks are skipped for that certificate. A malicious CA could use this to deliberately assert invalid certificate policies in order to circumvent policy checking on the certificate altogether. Policy processing is disabled by default but can be enabled by passing the `-policy' argument to the command line utilities or by calling the `X509_VERIFY_PARAM_set1_policies()' function.,NO,arn:aws:inspector2:ap-south-1:531341628109:finding/55d330c65d1452781ed890ca28e65f39,2024-11-19 12:48:06.985000+05:30,YES,2024-11-19 12:48:06.985000+05:30,MEDIUM,ACTIVE,"CVE-2023-0465 - openssl, openssl-libs",PACKAGE_VULNERABILITY,2024-11-19 12:48:06.985000+05:30,73,1,5.3
531341628109,"PCRE before 8.38 mishandles the [: and \ substrings in character classes, which allows remote attackers to cause a denial of service (uninitialized memory read) or possibly have unspecified other impact via a crafted regular expression, as demonstrated by a JavaScript RegExp object encountered by Konqueror.",NO,arn:aws:inspector2:ap-south-1:531341628109:finding/56221007c85de7603677c542dbc1f6b9,2024-11-19 12:48:06.985000+05:30,YES,2024-11-19 12:48:06.985000+05:30,MEDIUM,ACTIVE,"CVE-2015-8390 - pcre, glib2",PACKAGE_VULNERABILITY,2024-11-19 12:48:06.985000+05:30,74,1,6.5
531341628109,"GzipSource does not handle an exception that might be raised when parsing a malformed gzip buffer. This may lead to denial of service of the Okio client when handling a crafted GZIP archive, by using the GzipSource class.",NO,arn:aws:inspector2:ap-south-1:531341628109:finding/5690008052b4dfda529907df533f9687,2024-11-19 12:48:06.985000+05:30,YES,2024-11-19 12:48:06.985000+05:30,HIGH,ACTIVE,CVE-2023-3635 - com.squareup.okio:okio-jvm,PACKAGE_VULNERABILITY,2024-11-19 12:48:06.985000+05:30,75,1,7.5
531341628109,"The AWS SDK for Java enables Java developers to work with Amazon Web Services. A partial-path traversal issue exists within the `downloadDirectory` method in the AWS S3 TransferManager component of the AWS SDK for Java v1 prior to version 1.12.261. Applications using the SDK control the `destinationDirectory` argument, but S3 object keys are determined by the application that uploaded the objects. The `downloadDirectory` method allows the caller to pass a filesystem object in the object key but contained an issue in the validation logic for the key name. A knowledgeable actor could bypass the validation logic by including a UNIX double-dot in the bucket key. Under certain conditions, this could permit them to retrieve a directory from their S3 bucket that is one level up in the filesystem from their working directory. This issue’s scope is limited to directories whose name prefix matches the destinationDirectory. E.g. for destination directory`/tmp/foo`, the actor can cause a download to `/tmp/foo-bar`, but n",NO,arn:aws:inspector2:ap-south-1:531341628109:finding/56a24f9b76aa12ba74b3504ed1587957,2024-11-19 12:48:06.985000+05:30,YES,2024-11-19 12:48:06.985000+05:30,MEDIUM,ACTIVE,CVE-2022-31159 - com.amazonaws:aws-java-sdk-s3,PACKAGE_VULNERABILITY,2024-11-19 12:48:06.985000+05:30,76,1,6.5
531341628109,"HTTP::Tiny 0.082, a Perl core module since 5.13.9 and available standalone on CPAN, has an insecure default TLS configuration where users must opt in to verify certificates.",NO,arn:aws:inspector2:ap-south-1:531341628109:finding/57e3229b31b82fbea6c4c2e397022271,2024-11-19 12:48:06.985000+05:30,YES,2024-11-19 12:48:06.985000+05:30,HIGH,ACTIVE,"CVE-2023-31486 - perl-Pod-Perldoc, perl-HTTP-Tiny",PACKAGE_VULNERABILITY,2024-11-19 12:48:06.985000+05:30,77,1,7.4
531341628109,Use After Free in GitHub repository vim/vim prior to 9.0.1857.,NO,arn:aws:inspector2:ap-south-1:531341628109:finding/57fb66f212ed1ea9aeea9762d442c53a,2024-11-19 12:48:06.985000+05:30,YES,2024-11-19 12:48:06.985000+05:30,HIGH,ACTIVE,"CVE-2023-4750 - vim-minimal, vim-data",PACKAGE_VULNERABILITY,2024-11-19 12:48:06.985000+05:30,78,1,7.8
531341628109,"An issue was discovered in GNOME GLib before 2.66.8. When g_file_replace() is used with G_FILE_CREATE_REPLACE_DESTINATION to replace a path that is a dangling symlink, it incorrectly also creates the target of the symlink as an empty file, which could conceivably have security relevance if the symlink is attacker-controlled. (If the path is a symlink to a file that already exists, then the contents of that file correctly remain unchanged.)",NO,arn:aws:inspector2:ap-south-1:531341628109:finding/57fd493a00fb0a7585eec80a3d32d5f6,2024-11-19 12:48:06.985000+05:30,YES,2024-11-19 12:48:06.985000+05:30,MEDIUM,ACTIVE,CVE-2021-28153 - glib2,PACKAGE_VULNERABILITY,2024-11-19 12:48:06.985000+05:30,79,1,5.3
531341628109,GNU Binutils before 2.40 was discovered to contain an excessive memory consumption vulnerability via the function bfd_dwarf2_find_nearest_line_with_alt at dwarf2.c. The attacker could supply a crafted ELF file and cause a DNS attack.,NO,arn:aws:inspector2:ap-south-1:531341628109:finding/5bdea72a97e4e3172ca20ce2a5e7922f,2024-11-19 12:48:06.985000+05:30,YES,2024-11-19 12:48:06.985000+05:30,MEDIUM,ACTIVE,CVE-2022-48064 - binutils,PACKAGE_VULNERABILITY,2024-11-19 12:48:06.985000+05:30,80,1,5.5
531341628109,"Git is a revision control system. The Git project recommends to avoid working in untrusted repositories, and instead to clone it first with `git clone --no-local` to obtain a clean copy. Git has specific protections to make that a safe operation even with an untrusted source repository, but vulnerabilities allow those protections to be bypassed. In the context of cloning local repositories owned by other users, this vulnerability has been covered in CVE-2024-32004. But there are circumstances where the fixes for CVE-2024-32004 are not enough: For example, when obtaining a `.zip` file containing a full copy of a Git repository, it should not be trusted by default to be safe, as e.g. hooks could be configured to run within the context of that repository. The problem has been patched in versions 2.45.1, 2.44.1, 2.43.4, 2.42.2, 2.41.1, 2.40.2, and 2.39.4. As a workaround, avoid using Git in repositories that have been obtained via archives from untrusted sources.",NO,arn:aws:inspector2:ap-south-1:531341628109:finding/5cca1c35093356db9c92b45e7a23fdbc,2024-11-19 12:48:06.985000+05:30,YES,2024-11-19 12:48:06.985000+05:30,HIGH,ACTIVE,"CVE-2024-32465 - perl-Git, git-core-doc and 2 more",PACKAGE_VULNERABILITY,2024-11-19 12:48:06.985000+05:30,81,1,7.8
531341628109,"D-Bus before 1.15.6 sometimes allows unprivileged users to crash dbus-daemon. If a privileged user with control over the dbus-daemon is using the org.freedesktop.DBus.Monitoring interface to monitor message bus traffic, then an unprivileged user with the ability to connect to the same dbus-daemon can cause a dbus-daemon crash under some circumstances via an unreplyable message. When done on the well-known system bus, this is a denial-of-service vulnerability. The fixed versions are 1.12.28, 1.14.8, and 1.15.6.",NO,arn:aws:inspector2:ap-south-1:531341628109:finding/5db78c32ac6ae1b962ce2d0db6681461,2024-11-19 12:48:06.985000+05:30,YES,2024-11-19 12:48:06.985000+05:30,MEDIUM,ACTIVE,"CVE-2023-34969 - dbus-libs, dbus",PACKAGE_VULNERABILITY,2024-11-19 12:48:06.985000+05:30,82,1,6.2
531341628109,"Git, a revision control system, is vulnerable to path traversal prior to versions 2.39.2, 2.38.4, 2.37.6, 2.36.5, 2.35.7, 2.34.7, 2.33.7, 2.32.6, 2.31.7, and 2.30.8. By feeding a crafted input to `git apply`, a path outside the working tree can be overwritten as the user who is running `git apply`. A fix has been prepared and will appear in v2.39.2, v2.38.4, v2.37.6, v2.36.5, v2.35.7, v2.34.7, v2.33.7, v2.32.6, v2.31.7, and v2.30.8. As a workaround, use `git apply --stat` to inspect a patch before applying; avoid applying one that creates a symbolic link and then creates a file beyond the symbolic link.",NO,arn:aws:inspector2:ap-south-1:531341628109:finding/5e0be3b181e9f3701e5a8cd35a1bfe58,2024-11-19 12:48:06.985000+05:30,YES,2024-11-19 12:48:06.985000+05:30,MEDIUM,ACTIVE,"CVE-2023-23946 - perl-Git, git-core-doc and 2 more",PACKAGE_VULNERABILITY,2024-11-19 12:48:06.985000+05:30,83,1,6.2
531341628109,Heap-based Buffer Overflow in GitHub repository vim/vim prior to 9.0.1969.,NO,arn:aws:inspector2:ap-south-1:531341628109:finding/5e5f4c98234267e85cbc69d0dd9b6776,2024-11-19 12:48:06.985000+05:30,YES,2024-11-19 12:48:06.985000+05:30,MEDIUM,ACTIVE,"CVE-2023-5344 - vim-minimal, vim-data",PACKAGE_VULNERABILITY,2024-11-19 12:48:06.985000+05:30,84,1,4.0
531341628109,"An issue was discovered function pr_function_type in prdbg.c in Binutils 2.34 thru 2.38, allows attackers to cause a denial of service due to memory leaks.",NO,arn:aws:inspector2:ap-south-1:531341628109:finding/5edddfa3fa7406e295a7d3d01304b593,2024-11-19 12:48:06.985000+05:30,YES,2024-11-19 12:48:06.985000+05:30,MEDIUM,ACTIVE,CVE-2022-47010 - binutils,PACKAGE_VULNERABILITY,2024-11-19 12:48:06.985000+05:30,85,1,5.5
531341628109,"Improper Handling of Exceptional Conditions, Uncontrolled Resource Consumption vulnerability in Apache Tomcat. When processing an HTTP/2 stream, Tomcat did not handle some cases of excessive HTTP headers correctly. This led to a miscounting of active HTTP/2 streams which in turn led to the use of an incorrect infinite timeout which allowed connections to remain open which should have been closed.

This issue affects Apache Tomcat: from 11.0.0-M1 through 11.0.0-M20, from 10.1.0-M1 through 10.1.24, from 9.0.0-M1 through 9.0.89.

Users are recommended to upgrade to version 11.0.0-M21, 10.1.25 or 9.0.90, which fixes the issue.",NO,arn:aws:inspector2:ap-south-1:531341628109:finding/60d483b5b55334efae03ccf45b89a9e4,2024-11-19 12:48:06.985000+05:30,YES,2024-11-19 12:48:06.985000+05:30,UNTRIAGED,ACTIVE,CVE-2024-34750 - org.apache.tomcat.embed:tomcat-embed-core,PACKAGE_VULNERABILITY,2024-11-19 12:48:06.985000+05:30,86,1,
531341628109,Use After Free in GitHub repository vim/vim prior to 9.0.1840.,NO,arn:aws:inspector2:ap-south-1:531341628109:finding/615e2de5c094fa69e240863fc26f4928,2024-11-19 12:48:06.985000+05:30,YES,2024-11-19 12:48:06.985000+05:30,HIGH,ACTIVE,"CVE-2023-4733 - vim-minimal, vim-data",PACKAGE_VULNERABILITY,2024-11-19 12:48:06.985000+05:30,87,1,7.3
531341628109,"Vim is an open source command line text editor. When closing a window, vim may try to access already freed window structure. Exploitation beyond crashing the application has not been shown to be viable. This issue has been addressed in commit `25aabc2b` which has been included in release version 9.0.2106. Users are advised to upgrade. There are no known workarounds for this vulnerability.",NO,arn:aws:inspector2:ap-south-1:531341628109:finding/618a748b1ac6f8b88ab68ac95abd91e8,2024-11-19 12:48:06.985000+05:30,YES,2024-11-19 12:48:06.985000+05:30,LOW,ACTIVE,"CVE-2023-48231 - vim-minimal, vim-data",PACKAGE_VULNERABILITY,2024-11-19 12:48:06.985000+05:30,88,1,3.9
531341628109,"A possible security vulnerability has been identified in Apache Kafka Connect API. This requires access to a Kafka Connect worker, and the ability to create/modify connectors on it with an arbitrary Kafka client SASL JAAS config and a SASL-based security protocol, which has been possible on Kafka Connect clusters since Apache Kafka Connect 2.3.0. When configuring the connector via the Kafka Connect REST API, an authenticated operator can set the `sasl.jaas.config` property for any of the connector's Kafka clients to ""com.sun.security.auth.module.JndiLoginModule"", which can be done via the `producer.override.sasl.jaas.config`, `consumer.override.sasl.jaas.config`, or `admin.override.sasl.jaas.config` properties. This will allow the server to connect to the attacker's LDAP server and deserialize the LDAP response, which the attacker can use to execute java deserialization gadget chains on the Kafka connect server. Attacker can cause unrestricted deserialization of untrusted data (or) RCE vulnerability when ther",YES,arn:aws:inspector2:ap-south-1:531341628109:finding/6238b84f64ecc962053f506955f4abc6,2024-11-19 12:48:06.985000+05:30,YES,2024-11-19 12:48:06.985000+05:30,HIGH,ACTIVE,CVE-2023-25194 - org.apache.kafka:kafka-clients,PACKAGE_VULNERABILITY,2024-11-19 12:48:06.985000+05:30,89,1,8.8
531341628109,Integer Overflow or Wraparound in GitHub repository vim/vim prior to 9.0.1532.,NO,arn:aws:inspector2:ap-south-1:531341628109:finding/634c63bc7fb34990098e19d95d8735c4,2024-11-19 12:48:06.985000+05:30,YES,2024-11-19 12:48:06.985000+05:30,HIGH,ACTIVE,"CVE-2023-2610 - vim-minimal, vim-data",PACKAGE_VULNERABILITY,2024-11-19 12:48:06.985000+05:30,90,1,7.8
531341628109,A NULL pointer dereference exists when parsing (invalid) XML schemas in libxml2 xmlSchemaCheckCOSSTDerivedOK,NO,arn:aws:inspector2:ap-south-1:531341628109:finding/63b134560c2291366fc6fd0d33d02960,2024-11-19 12:48:06.985000+05:30,YES,2024-11-19 12:48:06.985000+05:30,MEDIUM,ACTIVE,CVE-2023-28484 - libxml2,PACKAGE_VULNERABILITY,2024-11-19 12:48:06.985000+05:30,91,1,5.9
531341628109,"The libcpu component which is used by libasm of elfutils version 0.177 (git 47780c9e), suffers from denial-of-service vulnerability caused by application crashes due to out-of-bounds write (CWE-787), off-by-one error (CWE-193) and reachable assertion (CWE-617); to exploit the vulnerability, the attackers need to craft certain ELF files which bypass the missing bound checks.",NO,arn:aws:inspector2:ap-south-1:531341628109:finding/63ecfbdf63a9b5e336fd1eb6517a055a,2024-11-19 12:48:06.985000+05:30,YES,2024-11-19 12:48:06.985000+05:30,MEDIUM,ACTIVE,"CVE-2020-21047 - elfutils-libs, elfutils-default-yama-scope and 1 more",PACKAGE_VULNERABILITY,2024-11-19 12:48:06.985000+05:30,92,1,5.5
531341628109,"http/conn/ssl/AbstractVerifier.java in Apache Commons HttpClient before 4.2.3 does not properly verify that the server hostname matches a domain name in the subject's Common Name (CN) or subjectAltName field of the X.509 certificate, which allows man-in-the-middle attackers to spoof SSL servers via a certificate with a subject that specifies a common name in a field that is not the CN field. NOTE: this issue exists because of an incomplete fix for CVE-2012-5783.",NO,arn:aws:inspector2:ap-south-1:531341628109:finding/640331171d3d5b655f43e321d24edce4,2024-11-19 12:48:06.985000+05:30,NO,2024-11-19 12:48:06.985000+05:30,MEDIUM,ACTIVE,CVE-2012-6153 - commons-httpclient:commons-httpclient,PACKAGE_VULNERABILITY,2024-11-19 12:48:06.985000+05:30,93,1,
531341628109,"libcap is vulnerable to a denial of service caused by the error handling in wrap_pthread_create() function, which will cause memory to be leaked in the case of an error.",NO,arn:aws:inspector2:ap-south-1:531341628109:finding/657527c688231a84b155bc75a77692d0,2024-11-19 12:48:06.985000+05:30,YES,2024-11-19 12:48:06.985000+05:30,LOW,ACTIVE,CVE-2023-2602 - libcap,PACKAGE_VULNERABILITY,2024-11-19 12:48:06.985000+05:30,94,1,3.3
531341628109,"Vim is an open source command line text editor. When getting the count for a normal mode z command, it may overflow for large counts given. Impact is low, user interaction is required and a crash may not even happen in all situations. This issue has been addressed in commit `58f9befca1` which has been included in release version 9.0.2109. Users are advised to upgrade. There are no known workarounds for this vulnerability.",NO,arn:aws:inspector2:ap-south-1:531341628109:finding/65afedd8744496cd5366e974b77a762f,2024-11-19 12:48:06.985000+05:30,YES,2024-11-19 12:48:06.985000+05:30,LOW,ACTIVE,"CVE-2023-48234 - vim-minimal, vim-data",PACKAGE_VULNERABILITY,2024-11-19 12:48:06.985000+05:30,95,1,2.8
531341628109,"A heap-based buffer overflow vulnerability was found in GitHub repository vim/vim prior to 9.0.1376 in Vim's utf_ptr2char() function of the src/mbyte.c file. This flaw occurs because there is access to invalid memory with put in visual block mode. An attacker can trick a user into opening a specially crafted file, triggering an out-of-bounds read that causes an application to crash, leading to a denial of service.",NO,arn:aws:inspector2:ap-south-1:531341628109:finding/66877debb0140d926e2ab44bc3d9a8fb,2024-11-19 12:48:06.985000+05:30,YES,2024-11-19 12:48:06.985000+05:30,MEDIUM,ACTIVE,"CVE-2023-1170 - vim-minimal, vim-data",PACKAGE_VULNERABILITY,2024-11-19 12:48:06.985000+05:30,96,1,6.6
531341628109,"An integer underflow was discovered in OpenLDAP before 2.4.57 leading to slapd crashes in the Certificate Exact Assertion processing, resulting in denial of service (schema_init.c serialNumberAndIssuerCheck).",NO,arn:aws:inspector2:ap-south-1:531341628109:finding/67c2dc3ffcd8ed2fecf93d87c6179a7b,2024-11-19 12:48:06.985000+05:30,YES,2024-11-19 12:48:06.985000+05:30,HIGH,ACTIVE,CVE-2020-36221 - openldap,PACKAGE_VULNERABILITY,2024-11-19 12:48:06.985000+05:30,97,1,7.5
531341628109,An issue was discovered in compare_digest in Lib/hmac.py in Python through 3.9.1. Constant-time-defeating optimisations were possible in the accumulator variable in hmac.compare_digest.,NO,arn:aws:inspector2:ap-south-1:531341628109:finding/681b2dcda0695d9a46ca08448e5942f0,2024-11-19 12:48:06.985000+05:30,YES,2024-11-19 12:48:06.985000+05:30,MEDIUM,ACTIVE,"CVE-2022-48566 - python-libs, python",PACKAGE_VULNERABILITY,2024-11-19 12:48:06.985000+05:30,98,1,5.9
531341628109,"In Spring for Apache Kafka 3.0.9 and earlier and versions 2.9.10 and earlier, a possible deserialization attack vector existed, but only if unusual configuration was applied. An attacker would have to construct a malicious serialized object in one of the deserialization exception record headers.

Specifically, an application is vulnerable when all of the following are true:

 * The user does not configure an ErrorHandlingDeserializer for the key and/or value of the record * The user explicitly sets container properties checkDeserExWhenKeyNull and/or checkDeserExWhenValueNull container properties to true. * The user allows untrusted sources to publish to a Kafka topic

By default, these properties are false, and the container only attempts to deserialize the headers if an ErrorHandlingDeserializer is configured. The ErrorHandlingDeserializer prevents the vulnerability by removing any such malicious headers before processing the record.",NO,arn:aws:inspector2:ap-south-1:531341628109:finding/683174dbb6d86ba41afdf136b467f479,2024-11-19 12:48:06.985000+05:30,YES,2024-11-19 12:48:06.985000+05:30,HIGH,ACTIVE,CVE-2023-34040 - org.springframework.kafka:spring-kafka,PACKAGE_VULNERABILITY,2024-11-19 12:48:06.985000+05:30,99,1,7.8
531341628109,"The curl advisory describes this issue as follows:

curl supports SFTP transfers. curl's SFTP implementation offers a special feature in the path component of URLs: a tilde (~) character as the first path element in the path to denotes a path relative to the user's home directory. This is supported because of wording in the once proposed to-become RFC draft that was to dictate how SFTP URLs work.

Due to a bug, the handling of the tilde in SFTP path did however not only replace it when it is used stand-alone as the first path element but also wrongly when used as a mere prefix in the first element.

Using a path like /~2/foo when accessing a server using the user dan (with home directory /home/dan) would then quite surprisingly access the file /home/dan2/foo.

This can be taken advantage of to circumvent filtering or worse.",NO,arn:aws:inspector2:ap-south-1:531341628109:finding/6afd0ec03ba5686a999bc3432b2c3480,2024-11-19 12:48:06.985000+05:30,YES,2024-11-19 12:48:06.985000+05:30,MEDIUM,ACTIVE,"CVE-2023-27534 - libcurl, curl",PACKAGE_VULNERABILITY,2024-11-19 12:48:06.985000+05:30,100,1,4.5
