awsAccountId,description,exploitAvailable,findingArn,firstObservedAt,fixAvailable,inspectorScore,lastObservedAt,severity,status,title,type,updatedAt,current_key,parent_key
531341628109,A null pointer dereference issue was discovered in function gui_x11_create_blank_mouse in gui_x11.c in vim 8.1.2269 thru 9.0.0339 allows attackers to cause denial of service or other unspecified impacts.,YES,arn:aws:inspector2:ap-south-1:531341628109:finding/005d4b16ec7b5b4d77652f601bbae4b1,2024-06-26 13:13:36.990000+05:30,YES,7.8,2024-06-26 13:13:36.990000+05:30,HIGH,ACTIVE,"CVE-2022-47024 - vim-minimal, vim-data",PACKAGE_VULNERABILITY,2024-06-26 13:13:36.990000+05:30,1,1
531341628109,"less through 653 allows OS command execution via a newline character in the name of a file, because quoting is mishandled in filename.c. Exploitation typically requires use with attacker-controlled file names, such as the files extracted from an untrusted archive. Exploitation also requires the LESSOPEN environment variable, but this is set by default in many common cases.",NO,arn:aws:inspector2:ap-south-1:531341628109:finding/01129398fea85fb933fe46eea4127111,2024-06-26 13:13:36.990000+05:30,YES,7.0,2024-06-26 13:13:36.990000+05:30,HIGH,ACTIVE,CVE-2024-32487 - less,PACKAGE_VULNERABILITY,2024-06-26 13:13:36.990000+05:30,2,1
531341628109,"When a protocol selection parameter option disables all protocols without adding any then the default set of protocols would remain in the allowed set due to an error in the logic for removing protocols. The below command would perform a request to curl.se with a plaintext protocol which has been explicitly disabled.      curl --proto -all,-http http://curl.se  The flaw is only present if the set of selected protocols disables the entire set of available protocols, in itself a command with no practical use and therefore unlikely to be encountered in real situations. The curl security team has thus assessed this to be low severity bug.",NO,arn:aws:inspector2:ap-south-1:531341628109:finding/025af06f95950fad55afc5535170110f,2024-06-26 13:13:36.990000+05:30,YES,5.3,2024-06-26 13:13:36.990000+05:30,MEDIUM,ACTIVE,"CVE-2024-2004 - libcurl, curl",PACKAGE_VULNERABILITY,2024-06-26 13:13:36.990000+05:30,3,1
531341628109,"The libcpu component which is used by libasm of elfutils version 0.177 (git 47780c9e), suffers from denial-of-service vulnerability caused by application crashes due to out-of-bounds write (CWE-787), off-by-one error (CWE-193) and reachable assertion (CWE-617); to exploit the vulnerability, the attackers need to craft certain ELF files which bypass the missing bound checks.",NO,arn:aws:inspector2:ap-south-1:531341628109:finding/033f6b1ce35f69db1a3aa83e408e15ec,2024-06-26 13:13:36.990000+05:30,YES,5.5,2024-06-26 13:13:36.990000+05:30,MEDIUM,ACTIVE,"CVE-2020-21047 - elfutils-libs, elfutils-default-yama-scope and 1 more",PACKAGE_VULNERABILITY,2024-06-26 13:13:36.990000+05:30,4,1
531341628109,Heap-based Buffer Overflow in GitHub repository vim/vim prior to 9.0.1331.,NO,arn:aws:inspector2:ap-south-1:531341628109:finding/034ad8a7eaa676e14f4576185e0e3091,2024-06-26 13:13:36.990000+05:30,YES,4.8,2024-06-26 13:13:36.990000+05:30,MEDIUM,ACTIVE,"CVE-2023-4751 - vim-minimal, vim-data",PACKAGE_VULNERABILITY,2024-06-26 13:13:36.990000+05:30,5,1
531341628109,Applications that use a non-default option when verifying certificates may be vulnerable to an attack from a malicious CA to circumvent certain checks. Invalid certificate policies in leaf certificates are silently ignored by OpenSSL and other certificate policy checks are skipped for that certificate. A malicious CA could use this to deliberately assert invalid certificate policies in order to circumvent policy checking on the certificate altogether. Policy processing is disabled by default but can be enabled by passing the `-policy' argument to the command line utilities or by calling the `X509_VERIFY_PARAM_set1_policies()' function.,YES,arn:aws:inspector2:ap-south-1:531341628109:finding/039e715acffecc46bc0ccf3ebdd088c2,2024-06-26 13:13:36.990000+05:30,YES,5.3,2024-06-26 13:13:36.990000+05:30,MEDIUM,ACTIVE,"CVE-2023-0465 - openssl, openssl-libs",PACKAGE_VULNERABILITY,2024-06-26 13:13:36.990000+05:30,6,1
531341628109,"SnakeYaml's Constructor() class does not restrict types which can be instantiated during deserialization. Deserializing yaml content provided by an attacker can lead to remote code execution. We recommend using SnakeYaml's SafeConsturctor when parsing untrusted content to restrict deserialization. We recommend upgrading to version 2.0 and beyond.
",YES,arn:aws:inspector2:ap-south-1:531341628109:finding/04eb681783b3adc274b4ff5d14eb7fe0,2024-06-26 13:13:36.990000+05:30,YES,9.8,2024-06-26 13:13:36.990000+05:30,CRITICAL,ACTIVE,CVE-2022-1471 - org.yaml:snakeyaml,PACKAGE_VULNERABILITY,2024-06-26 13:13:36.990000+05:30,7,1
531341628109,"A heap-based buffer overflow vulnerability was found in GitHub repository vim/vim prior to 9.0.1376 in Vim's utf_ptr2char() function of the src/mbyte.c file. This flaw occurs because there is access to invalid memory with put in visual block mode. An attacker can trick a user into opening a specially crafted file, triggering an out-of-bounds read that causes an application to crash, leading to a denial of service.",YES,arn:aws:inspector2:ap-south-1:531341628109:finding/0b1d04fcefde0ebffb509a9b43234dd7,2024-06-26 13:13:36.990000+05:30,YES,6.6,2024-06-26 13:13:36.990000+05:30,MEDIUM,ACTIVE,"CVE-2023-1170 - vim-minimal, vim-data",PACKAGE_VULNERABILITY,2024-06-26 13:13:36.990000+05:30,8,1
531341628109,"An issue was discovered in Python before 3.11.1. An unnecessary quadratic algorithm exists in one path when processing some inputs to the IDNA (RFC 3490) decoder, such that a crafted, unreasonably long name being presented to the decoder could lead to a CPU denial of service. Hostnames are often supplied by remote servers that could be controlled by a malicious actor; in such a scenario, they could trigger excessive CPU consumption on the client attempting to make use of an attacker-supplied supposed hostname. For example, the attack payload could be placed in the Location header of an HTTP response with status code 302. A fix is planned in 3.11.1, 3.10.9, 3.9.16, 3.8.16, and 3.7.16.",NO,arn:aws:inspector2:ap-south-1:531341628109:finding/0bcb582395a8bf74d448cb53008ed424,2024-06-26 13:13:36.990000+05:30,YES,7.5,2024-06-26 13:13:36.990000+05:30,HIGH,ACTIVE,"CVE-2022-45061 - python-libs, python",PACKAGE_VULNERABILITY,2024-06-26 13:13:36.990000+05:30,9,1
531341628109,"Vim is an open source command line text editor. When closing a window, vim may try to access already freed window structure. Exploitation beyond crashing the application has not been shown to be viable. This issue has been addressed in commit `25aabc2b` which has been included in release version 9.0.2106. Users are advised to upgrade. There are no known workarounds for this vulnerability.",NO,arn:aws:inspector2:ap-south-1:531341628109:finding/0cb5b346d57f397ffa4792ab54d654c0,2024-06-26 13:13:36.990000+05:30,YES,3.9,2024-06-26 13:13:36.990000+05:30,LOW,ACTIVE,"CVE-2023-48231 - vim-minimal, vim-data",PACKAGE_VULNERABILITY,2024-06-26 13:13:36.990000+05:30,10,1
531341628109,The CIL compiler in SELinux 3.2 has a use-after-free in __cil_verify_classperms (called from __verify_map_perm_classperms and hashtab_map).,NO,arn:aws:inspector2:ap-south-1:531341628109:finding/0f683e9b361b7f97bc723f977332e67a,2024-06-26 13:13:36.990000+05:30,YES,3.3,2024-06-26 13:13:36.990000+05:30,LOW,ACTIVE,CVE-2021-36085 - libsepol,PACKAGE_VULNERABILITY,2024-06-26 13:13:36.990000+05:30,11,1
531341628109,"Git is a revision control system. Prior to versions 2.45.1, 2.44.1, 2.43.4, 2.42.2, 2.41.1, 2.40.2, and 2.39.4, local clones may end up hardlinking files into the target repository's object database when source and target repository reside on the same disk. If the source repository is owned by a different user, then those hardlinked files may be rewritten at any point in time by the untrusted user. Cloning local repositories will cause Git to either copy or hardlink files of the source repository into the target repository. This significantly speeds up such local clones compared to doing a ""proper"" clone and saves both disk space and compute time. When cloning a repository located on the same disk that is owned by a different user than the current user we also end up creating such hardlinks. These files will continue to be owned and controlled by the potentially-untrusted user and can be rewritten by them at will in the future. The problem has been patched in versions 2.45.1, 2.44.1, 2.43.4, 2.42.2, 2.41.1, 2",YES,arn:aws:inspector2:ap-south-1:531341628109:finding/0fccf1a5890cb6d1c1a9238315722d73,2024-06-26 13:13:36.990000+05:30,YES,3.9,2024-06-26 13:13:36.990000+05:30,LOW,ACTIVE,"CVE-2024-32020 - perl-Git, git-core-doc and 2 more",PACKAGE_VULNERABILITY,2024-06-26 13:13:36.990000+05:30,12,1
531341628109,"It was discovered that tar incorrectly handled extended attributes in PAX archives. An attacker could supply a specially crafted file and cause tar to crash, resulting in a denial of service.",NO,arn:aws:inspector2:ap-south-1:531341628109:finding/0ff691226b4af4a406e4df6053413432,2024-06-26 13:13:36.990000+05:30,YES,2.8,2024-06-26 13:13:36.990000+05:30,LOW,ACTIVE,CVE-2023-39804 - tar,PACKAGE_VULNERABILITY,2024-06-26 13:13:36.990000+05:30,13,1
531341628109,"The curl advisory describes this issue as follows:

libcurl would reuse a previously created connection even when the GSS delegation (CURLOPT_GSSAPI_DELEGATION) option had been changed that could have changed the user's permissions in a second transfer.

libcurl keeps previously used connections in a connection pool for subsequent transfers to reuse if one of them matches the setup. However, this GSS delegation setting was left out from the configuration match checks, making them match too easily, affecting krb5/kerberos/negotiate/GSSAPI transfers.",YES,arn:aws:inspector2:ap-south-1:531341628109:finding/11ba54dce8622e74070702f002f5d986,2024-06-26 13:13:36.990000+05:30,YES,4.5,2024-06-26 13:13:36.990000+05:30,MEDIUM,ACTIVE,"CVE-2023-27536 - libcurl, curl",PACKAGE_VULNERABILITY,2024-06-26 13:13:36.990000+05:30,14,1
531341628109,An out of bounds read flaw was discovered in libssh2 before 1.8.1 in the way SFTP packets with empty payloads are parsed. A remote attacker who compromises a SSH server may be able to cause a Denial of Service or read data in the client memory.,YES,arn:aws:inspector2:ap-south-1:531341628109:finding/1221869c95d2685cb533f1d2ceb7172e,2024-06-26 13:13:36.990000+05:30,YES,9.1,2024-06-26 13:13:36.990000+05:30,CRITICAL,ACTIVE,CVE-2019-3860 - libssh2,PACKAGE_VULNERABILITY,2024-06-26 13:13:36.990000+05:30,15,1
531341628109,"Arbitrary File Overwrite in Eclipse JGit <= 6.6.0

In Eclipse JGit, all versions <= 6.6.0.202305301015-r, a symbolic link present in a specially crafted git repository can be used to write a file to locations outside the working tree when this repository is cloned with JGit to a case-insensitive filesystem, or when a checkout from a clone of such a repository is performed on a case-insensitive filesystem.

This can happen on checkout (DirCacheCheckout), merge (ResolveMerger via its WorkingTreeUpdater), pull (PullCommand using merge), and when applying a patch (PatchApplier). This can be exploited for remote code execution (RCE), for instance if the file written outside the working tree is a git filter that gets executed on a subsequent git command.

The issue occurs only on case-insensitive filesystems, like the default filesystems on Windows and macOS. The user performing the clone or checkout must have the rights to create symbolic links for the problem to occur, and symbolic links must be enabled in the gi",NO,arn:aws:inspector2:ap-south-1:531341628109:finding/15922f77fa4d838d36f9285471bf7b11,2024-06-26 13:13:36.990000+05:30,YES,8.8,2024-06-26 13:13:36.990000+05:30,HIGH,ACTIVE,CVE-2023-4759 - org.eclipse.jgit:org.eclipse.jgit,PACKAGE_VULNERABILITY,2024-06-26 13:13:36.990000+05:30,16,1
531341628109,"The curl advisory describes this issue as follows:

libcurl supports sharing HSTS data between separate ""handles"". This sharing was introduced without considerations for doing this sharing across separate threads, but there was no indication of this fact in the documentation. Due to missing mutexes or thread locks, two threads sharing the same HSTS data could end up doing a double-free or use-after-free.",YES,arn:aws:inspector2:ap-south-1:531341628109:finding/17cddf6f858e3a12d5ac43fd43c549f1,2024-06-26 13:13:36.990000+05:30,YES,5.8,2024-06-26 13:13:36.990000+05:30,MEDIUM,ACTIVE,"CVE-2023-27537 - libcurl, curl",PACKAGE_VULNERABILITY,2024-06-26 13:13:36.990000+05:30,17,1
531341628109,"Denial of Service due to improper input validation vulnerability for HTTP/2 requests in Apache Tomcat. When processing an HTTP/2 request, if the request exceeded any of the configured limits for headers, the associated HTTP/2 stream was not reset until after all of the headers had been processed.This issue affects Apache Tomcat: from 11.0.0-M1 through 11.0.0-M16, from 10.1.0-M1 through 10.1.18, from 9.0.0-M1 through 9.0.85, from 8.5.0 through 8.5.98.

Users are recommended to upgrade to version 11.0.0-M17, 10.1.19, 9.0.86 or 8.5.99 which fix the issue.

",YES,arn:aws:inspector2:ap-south-1:531341628109:finding/1894e2f644c85c859b65da297b100203,2024-06-26 13:13:36.990000+05:30,YES,,2024-06-26 13:13:36.990000+05:30,UNTRIAGED,ACTIVE,CVE-2024-24549 - org.apache.tomcat.embed:tomcat-embed-core,PACKAGE_VULNERABILITY,2024-06-26 13:13:36.990000+05:30,18,1
531341628109,"Improper Restriction of XML External Entity Reference, XML Injection (aka Blind XPath Injection) vulnerability in Apache Software Foundation Apache Ivy.This issue affects any version of Apache Ivy prior to 2.5.2.

When Apache Ivy prior to 2.5.2 parses XML files - either its own configuration, Ivy files or Apache Maven POMs - it will allow downloading external document type definitions and expand any entity references contained therein when used.

This can be used to exfiltrate data, access resources only the machine running Ivy has access to or disturb the execution of Ivy in different ways.

Starting with Ivy 2.5.2 DTD processing is disabled by default except when parsing Maven POMs where the default is to allow DTD processing but only to include a DTD snippet shipping with Ivy that is needed to deal with existing Maven POMs that are not valid XML files but are nevertheless accepted by Maven. Access can be be made more lenient via newly introduced system properties where needed.

Users of Ivy prior to versio",NO,arn:aws:inspector2:ap-south-1:531341628109:finding/18c6a08303e446772afea154580ce757,2024-06-26 13:13:36.990000+05:30,YES,8.2,2024-06-26 13:13:36.990000+05:30,HIGH,ACTIVE,CVE-2022-46751 - org.apache.ivy:ivy,PACKAGE_VULNERABILITY,2024-06-26 13:13:36.990000+05:30,19,1
531341628109,An issue was discovered in Bouncy Castle Java TLS API and JSSE Provider before 1.78. Timing-based leakage may occur in RSA based handshakes because of exception processing.,NO,arn:aws:inspector2:ap-south-1:531341628109:finding/1d817e6f6781c3cb5ff5961640cc452e,2024-06-26 13:13:36.990000+05:30,YES,,2024-06-26 13:13:36.990000+05:30,UNTRIAGED,ACTIVE,"CVE-2024-30171 - org.bouncycastle:bcprov-jdk15on, org.bouncycastle:bcprov-jdk15on",PACKAGE_VULNERABILITY,2024-06-26 13:13:36.990000+05:30,20,1
531341628109,The function X509_VERIFY_PARAM_add0_policy() is documented to implicitly enable the certificate policy check when doing certificate verification. However the implementation of the function does not enable the check which allows certificates with invalid or incorrect policies to pass the certificate verification. As suddenly enabling the policy check could break existing deployments it was decided to keep the existing behavior of the X509_VERIFY_PARAM_add0_policy() function. Instead the applications that require OpenSSL to perform certificate policy check need to use X509_VERIFY_PARAM_set1_policies() or explicitly enable the policy check by calling X509_VERIFY_PARAM_set_flags() with the X509_V_FLAG_POLICY_CHECK flag argument. Certificate policy checks are disabled by default in OpenSSL and are not commonly used by applications.,YES,arn:aws:inspector2:ap-south-1:531341628109:finding/1d928eb2210bcd14d35da9d345ae4607,2024-06-26 13:13:36.990000+05:30,YES,5.3,2024-06-26 13:13:36.990000+05:30,MEDIUM,ACTIVE,"CVE-2023-0466 - openssl, openssl-libs",PACKAGE_VULNERABILITY,2024-06-26 13:13:36.990000+05:30,21,1
531341628109,The CIL compiler in SELinux 3.2 has a use-after-free in __cil_verify_classperms (called from __cil_verify_classpermission and __cil_pre_verify_helper).,NO,arn:aws:inspector2:ap-south-1:531341628109:finding/1ee5940297263fac0dd46bc8bd831d66,2024-06-26 13:13:36.990000+05:30,YES,3.3,2024-06-26 13:13:36.990000+05:30,LOW,ACTIVE,CVE-2021-36084 - libsepol,PACKAGE_VULNERABILITY,2024-06-26 13:13:36.990000+05:30,22,1
531341628109,"cpio 2.11, when using the --no-absolute-filenames option, allows local users to write to arbitrary files via a symlink attack on a file in an archive.",YES,arn:aws:inspector2:ap-south-1:531341628109:finding/1facf9bdf28c0f35e79a91764a326648,2024-06-26 13:13:36.990000+05:30,YES,7.8,2024-06-26 13:13:36.990000+05:30,HIGH,ACTIVE,CVE-2015-1197 - cpio,PACKAGE_VULNERABILITY,2024-06-26 13:13:36.990000+05:30,23,1
531341628109,"Certifi is a curated collection of Root Certificates for validating the trustworthiness of SSL certificates while verifying the identity of TLS hosts. Certifi prior to version 2023.07.22 recognizes ""e-Tugra"" root certificates. e-Tugra's root certificates were subject to an investigation prompted by reporting of security issues in their systems. Certifi 2023.07.22 removes root certificates from ""e-Tugra"" from the root store.",NO,arn:aws:inspector2:ap-south-1:531341628109:finding/21213cc18533f8eab914f35293519a5d,2024-06-26 13:13:36.990000+05:30,YES,7.5,2024-06-26 13:13:36.990000+05:30,HIGH,ACTIVE,CVE-2023-37920 - ca-certificates,PACKAGE_VULNERABILITY,2024-06-26 13:13:36.990000+05:30,24,1
531341628109,A heap out-of-bounds read flaw was found in builtin.c in the gawk package which may result in a crash of the software.,YES,arn:aws:inspector2:ap-south-1:531341628109:finding/2156cb64d11012c50fe357ff8463e52b,2024-06-26 13:13:36.990000+05:30,YES,3.3,2024-06-26 13:13:36.990000+05:30,LOW,ACTIVE,CVE-2023-4156 - gawk,PACKAGE_VULNERABILITY,2024-06-26 13:13:36.990000+05:30,25,1
531341628109,Use After Free in GitHub repository vim/vim prior to 9.0.0614.,YES,arn:aws:inspector2:ap-south-1:531341628109:finding/220cac6aa7a18d72c278a1a896c1f775,2024-06-26 13:13:36.990000+05:30,YES,3.9,2024-06-26 13:13:36.990000+05:30,LOW,ACTIVE,"CVE-2022-3352 - vim-minimal, vim-data",PACKAGE_VULNERABILITY,2024-06-26 13:13:36.990000+05:30,26,1
531341628109,NCurse v6.4-20230418 was discovered to contain a segmentation fault via the component _nc_wrap_entry().,NO,arn:aws:inspector2:ap-south-1:531341628109:finding/22cfa397e061e302296a15ac1a788fa4,2024-06-26 13:13:36.990000+05:30,YES,5.0,2024-06-26 13:13:36.990000+05:30,MEDIUM,ACTIVE,"CVE-2023-50495 - ncurses-base, ncurses and 1 more",PACKAGE_VULNERABILITY,2024-06-26 13:13:36.990000+05:30,27,1
531341628109,There is a heap-based buffer over-read in the fmt_entry function in tinfo/comp_hash.c in the terminfo library in ncurses before 6.1-20191012.,NO,arn:aws:inspector2:ap-south-1:531341628109:finding/22f2e42af64fe8b76869cdcb4b917a47,2024-06-26 13:13:36.990000+05:30,YES,5.4,2024-06-26 13:13:36.990000+05:30,MEDIUM,ACTIVE,"CVE-2019-17595 - ncurses-base, ncurses and 1 more",PACKAGE_VULNERABILITY,2024-06-26 13:13:36.990000+05:30,28,1
531341628109,Incorrect Calculation of Buffer Size in GitHub repository vim/vim prior to 9.0.1378.,YES,arn:aws:inspector2:ap-south-1:531341628109:finding/24a419761be95e5d204bc3fa49f22ee9,2024-06-26 13:13:36.990000+05:30,YES,6.6,2024-06-26 13:13:36.990000+05:30,MEDIUM,ACTIVE,"CVE-2023-1175 - vim-minimal, vim-data",PACKAGE_VULNERABILITY,2024-06-26 13:13:36.990000+05:30,29,1
531341628109,"HTTP::Tiny 0.082, a Perl core module since 5.13.9 and available standalone on CPAN, has an insecure default TLS configuration where users must opt in to verify certificates.",YES,arn:aws:inspector2:ap-south-1:531341628109:finding/260a21d62eba026c73a1a2495e2bb3f8,2024-06-26 13:13:36.990000+05:30,YES,7.4,2024-06-26 13:13:36.990000+05:30,HIGH,ACTIVE,"CVE-2023-31484 - perl-libs, perl-Pod-Escapes and 2 more",PACKAGE_VULNERABILITY,2024-06-26 13:13:36.990000+05:30,30,1
531341628109,"An issue was discovered function stab_demangle_v3_arg in stabs.c in Binutils 2.34 thru 2.38, allows attackers to cause a denial of service due to memory leaks.",NO,arn:aws:inspector2:ap-south-1:531341628109:finding/27b446b0390e3445099ae7c5f9640ca6,2024-06-26 13:13:36.990000+05:30,YES,5.5,2024-06-26 13:13:36.990000+05:30,MEDIUM,ACTIVE,CVE-2022-47007 - binutils,PACKAGE_VULNERABILITY,2024-06-26 13:13:36.990000+05:30,31,1
531341628109,"The curl advisory describes this issue as follows:

libcurl would reuse a previously created FTP connection even when one or more options had been changed that could have made the effective user a very different one, thus leading to the doing the second transfer with wrong credentials.",YES,arn:aws:inspector2:ap-south-1:531341628109:finding/2c0ba61ff08a97d57c7f2601cc887289,2024-06-26 13:13:36.990000+05:30,YES,4.5,2024-06-26 13:13:36.990000+05:30,MEDIUM,ACTIVE,"CVE-2023-27535 - libcurl, curl",PACKAGE_VULNERABILITY,2024-06-26 13:13:36.990000+05:30,32,1
531341628109,"Git is a revision control system. Using a specially-crafted repository, Git prior to versions 2.39.2, 2.38.4, 2.37.6, 2.36.5, 2.35.7, 2.34.7, 2.33.7, 2.32.6, 2.31.7, and 2.30.8 can be tricked into using its local clone optimization even when using a non-local transport. Though Git will abort local clones whose source `$GIT_DIR/objects` directory contains symbolic links, the `objects` directory itself may still be a symbolic link. These two may be combined to include arbitrary files based on known paths on the victim's filesystem within the malicious repository's working copy, allowing for data exfiltration in a similar manner as CVE-2022-39253.

A fix has been prepared and will appear in v2.39.2 v2.38.4 v2.37.6 v2.36.5 v2.35.7 v2.34.7 v2.33.7 v2.32.6, v2.31.7 and v2.30.8. If upgrading is impractical, two short-term workarounds are available. Avoid cloning repositories from untrusted sources with `--recurse-submodules`. Instead, consider cloning repositories without recursively cloning their submodules, and in",YES,arn:aws:inspector2:ap-south-1:531341628109:finding/2da6a584036a2f33af3aa4e6f012b7d5,2024-06-26 13:13:36.990000+05:30,YES,5.5,2024-06-26 13:13:36.990000+05:30,MEDIUM,ACTIVE,"CVE-2023-22490 - perl-Git, git-core-doc and 2 more",PACKAGE_VULNERABILITY,2024-06-26 13:13:36.990000+05:30,33,1
531341628109,"An issue was found in curl that can cause a buffer overflow in its SOCKS5 proxy communications code.

When curl is using a SOCKS5 proxy and it needs to resolve a hostname to an IP address, its default behavior is to pass the hostname to the proxy and allow it to perform the resolution. In cases where the hostname is greater than 255 characters in length, curl will instead attempt to perform the resolution locally and then pass the resolved IP to the proxy for its use. Due to an issue in the curl source code, the logic that determines whether curl should resolve the name locally or pass it to the proxy for resolution could make an incorrect decision when a slow SOCKS5 handshake occurs. If this occurs, curl may inadvertently copy an excessively long host name, rather than the resolved address, into the target buffer being prepared for transmission to the proxy, resulting in a buffer overflow.",YES,arn:aws:inspector2:ap-south-1:531341628109:finding/2e096db3a05b4726eb89501ff503de79,2024-06-26 13:13:36.990000+05:30,YES,8.1,2024-06-26 13:13:36.990000+05:30,HIGH,ACTIVE,"CVE-2023-38545 - libcurl, curl",PACKAGE_VULNERABILITY,2024-06-26 13:13:36.990000+05:30,34,1
531341628109,Heap-based Buffer Overflow in GitHub repository vim/vim prior to 9.0.1969.,NO,arn:aws:inspector2:ap-south-1:531341628109:finding/2f03d9507ada356f7a3e1264868758d5,2024-06-26 13:13:36.990000+05:30,YES,4.0,2024-06-26 13:13:36.990000+05:30,MEDIUM,ACTIVE,"CVE-2023-5344 - vim-minimal, vim-data",PACKAGE_VULNERABILITY,2024-06-26 13:13:36.990000+05:30,35,1
531341628109,"A use-after-free vulnerability was found in OpenSSL's BIO_new_NDEF function. The public API function BIO_new_NDEF is a helper function used for streaming ASN.1 data via a BIO. It is primarily used internally by OpenSSL to support the SMIME, CMS, and PKCS7 streaming capabilities, but it may also be called directly by end-user applications. The function receives a BIO from the caller, prepends a new BIO_f_asn1 filter BIO onto the front of it to form a BIO chain, and then returns the new head of the BIO chain to the caller. Under certain conditions. For example, if a CMS recipient public key is invalid, the new filter BIO is freed, and the function returns a NULL result indicating a failure. However, in this case, the BIO chain is not properly cleaned up, and the BIO passed by the caller still retains internal pointers to the previously freed filter BIO. If the caller then calls BIO_pop() on the BIO, a use-after-free will occur, possibly resulting in a crash.",YES,arn:aws:inspector2:ap-south-1:531341628109:finding/2f06878614985b0288895a0f8b2461cb,2024-06-26 13:13:36.990000+05:30,YES,7.5,2024-06-26 13:13:36.990000+05:30,HIGH,ACTIVE,"CVE-2023-0215 - openssl, openssl-libs",PACKAGE_VULNERABILITY,2024-06-26 13:13:36.990000+05:30,36,1
531341628109,An issue was discovered in compare_digest in Lib/hmac.py in Python through 3.9.1. Constant-time-defeating optimisations were possible in the accumulator variable in hmac.compare_digest.,NO,arn:aws:inspector2:ap-south-1:531341628109:finding/3081d1336f8d74b971b6a3a4883c02ae,2024-06-26 13:13:36.990000+05:30,YES,5.9,2024-06-26 13:13:36.990000+05:30,MEDIUM,ACTIVE,"CVE-2022-48566 - python-libs, python",PACKAGE_VULNERABILITY,2024-06-26 13:13:36.990000+05:30,37,1
531341628109,An initial fix in Amazon Linux ca-certificates package relating to CVE-2022-23491 did not properly remove root certificates from TrustCor from the root store.,NO,arn:aws:inspector2:ap-south-1:531341628109:finding/30ea34b502e6b7205a0cf65dd598659c,2024-06-26 13:13:36.990000+05:30,YES,7.5,2024-06-26 13:13:36.990000+05:30,HIGH,ACTIVE,CVE-2023-32803 - ca-certificates,PACKAGE_VULNERABILITY,2024-06-26 13:13:36.990000+05:30,38,1
531341628109,"Vim is an improved version of the good old UNIX editor Vi. Heap-use-after-free in memory allocated in the function `ga_grow_inner` in in the file `src/alloc.c` at line 748, which is freed in the file `src/ex_docmd.c` in the function `do_cmdline` at line 1010 and then used again in `src/cmdhist.c` at line 759. When using the `:history` command, it's possible that the provided argument overflows the accepted value. Causing an Integer Overflow and potentially later an use-after-free. This vulnerability has been patched in version 9.0.2068.",NO,arn:aws:inspector2:ap-south-1:531341628109:finding/30f4d709cc75e254d49b2b09c78d6d52,2024-06-26 13:13:36.990000+05:30,YES,4.0,2024-06-26 13:13:36.990000+05:30,MEDIUM,ACTIVE,"CVE-2023-46246 - vim-minimal, vim-data",PACKAGE_VULNERABILITY,2024-06-26 13:13:36.990000+05:30,39,1
531341628109,"A flaw was found in vim. The vulnerability occurs due to illegal memory access and leads to a heap buffer overflow. This flaw allows an attacker to input a specially crafted file, leading to a crash or code execution.",NO,arn:aws:inspector2:ap-south-1:531341628109:finding/32016a3cf177d20e8780247949f28f4c,2024-06-26 13:13:36.990000+05:30,YES,7.8,2024-06-26 13:13:36.990000+05:30,HIGH,ACTIVE,"CVE-2022-2580 - vim-minimal, vim-data",PACKAGE_VULNERABILITY,2024-06-26 13:13:36.990000+05:30,40,1
531341628109,NULL Pointer Dereference in GitHub repository vim/vim prior to 9.0.0552.,YES,arn:aws:inspector2:ap-south-1:531341628109:finding/333ed193720ed968fd3f352b23ac54f4,2024-06-26 13:13:36.990000+05:30,YES,5.5,2024-06-26 13:13:36.990000+05:30,MEDIUM,ACTIVE,"CVE-2022-3278 - vim-minimal, vim-data",PACKAGE_VULNERABILITY,2024-06-26 13:13:36.990000+05:30,41,1
531341628109,NULL Pointer Dereference in GitHub repository vim/vim prior to 9.0.0404.,NO,arn:aws:inspector2:ap-south-1:531341628109:finding/35613e231d9675c964aaab2515758ba6,2024-06-26 13:13:36.990000+05:30,YES,6.1,2024-06-26 13:13:36.990000+05:30,MEDIUM,ACTIVE,"CVE-2022-3153 - vim-minimal, vim-data",PACKAGE_VULNERABILITY,2024-06-26 13:13:36.990000+05:30,42,1
531341628109,Buffer Overflow vulnerability in _nc_find_entry function in tinfo/comp_hash.c:66 in ncurses 6.1 allows remote attackers to cause a denial of service via crafted command.,NO,arn:aws:inspector2:ap-south-1:531341628109:finding/3596bab2f13bcd6911501144b124590d,2024-06-26 13:13:36.990000+05:30,YES,6.5,2024-06-26 13:13:36.990000+05:30,MEDIUM,ACTIVE,"CVE-2020-19186 - ncurses-base, ncurses and 1 more",PACKAGE_VULNERABILITY,2024-06-26 13:13:36.990000+05:30,43,1
531341628109,"The PKCS#11 feature in ssh-agent in OpenSSH before 9.3p2 has an insufficiently trustworthy search path, leading to remote code execution if the target user's ssh-agent is forwarded to an attacker-controlled system (the code in /usr/lib is not necessarily safe for loading into ssh-agent). Exploitation can also be prevented by starting ssh-agent with an empty PKCS#11/FIDO allowlist (ssh-agent -P '') or by configuring an allowlist that contains only specific provider libraries. NOTE: this issue exists because of an incomplete fix for CVE-2016-10009.",YES,arn:aws:inspector2:ap-south-1:531341628109:finding/35bf71b1cd1d5c173499075615dce446,2024-06-26 13:13:36.990000+05:30,YES,7.5,2024-06-26 13:13:36.990000+05:30,HIGH,ACTIVE,"CVE-2023-38408 - openssh, openssh-clients",PACKAGE_VULNERABILITY,2024-06-26 13:13:36.990000+05:30,44,1
531341628109,"A vulnerability was found in Linux PAM. An unprivileged user that is not yet in a corresponding mount namespace with ~/tmp mounted as a polyinstantiated dir can place a FIFO there, and a subsequent attempt to login as this user with `pam_namespace` configured will cause the `openat()` in `protect_dir()` to block the attempt, causing a local denial of service.",YES,arn:aws:inspector2:ap-south-1:531341628109:finding/37b5c3df54397a8cb229a7925bfef42b,2024-06-26 13:13:36.990000+05:30,YES,3.3,2024-06-26 13:13:36.990000+05:30,LOW,ACTIVE,CVE-2024-22365 - pam,PACKAGE_VULNERABILITY,2024-06-26 13:13:36.990000+05:30,45,1
531341628109,Stack-based Buffer Overflow in GitHub repository vim/vim prior to 9.0.0577.,YES,arn:aws:inspector2:ap-south-1:531341628109:finding/381f59929c4c53ca4a235765565c3996,2024-06-26 13:13:36.990000+05:30,YES,7.8,2024-06-26 13:13:36.990000+05:30,HIGH,ACTIVE,"CVE-2022-3296 - vim-minimal, vim-data",PACKAGE_VULNERABILITY,2024-06-26 13:13:36.990000+05:30,46,1
531341628109,Use After Free in GitHub repository vim/vim prior to 9.0.1857.,NO,arn:aws:inspector2:ap-south-1:531341628109:finding/389be96976234f1b48e2aa9f3b127afc,2024-06-26 13:13:36.990000+05:30,YES,7.8,2024-06-26 13:13:36.990000+05:30,HIGH,ACTIVE,"CVE-2023-4750 - vim-minimal, vim-data",PACKAGE_VULNERABILITY,2024-06-26 13:13:36.990000+05:30,47,1
531341628109,NULL Pointer Dereference in GitHub repository vim/vim prior to 9.0.1531.,YES,arn:aws:inspector2:ap-south-1:531341628109:finding/399b3c6761be6dfcac075e0e65b50728,2024-06-26 13:13:36.990000+05:30,YES,7.8,2024-06-26 13:13:36.990000+05:30,HIGH,ACTIVE,"CVE-2023-2609 - vim-minimal, vim-data",PACKAGE_VULNERABILITY,2024-06-26 13:13:36.990000+05:30,48,1
531341628109,"Amazon Ion is a Java implementation of the Ion data notation. Prior to version 1.10.5, a potential denial-of-service issue exists in `ion-java` for applications that use `ion-java` to deserialize Ion text encoded data, or deserialize Ion text or binary encoded data into the `IonValue` model and then invoke certain `IonValue` methods on that in-memory representation. An actor could craft Ion data that, when loaded by the affected application and/or processed using the `IonValue` model, results in a `StackOverflowError` originating from the `ion-java` library. The patch is included in `ion-java` 1.10.5. As a workaround, do not load data which originated from an untrusted source or that could have been tampered with.",NO,arn:aws:inspector2:ap-south-1:531341628109:finding/399feca2c97d9147c00ab2d1e8b9887a,2024-06-26 13:13:36.990000+05:30,NO,7.5,2024-06-26 13:13:36.990000+05:30,HIGH,ACTIVE,"CVE-2024-21634 - software.amazon.ion:ion-java, software.amazon.ion:ion-java",PACKAGE_VULNERABILITY,2024-06-26 13:13:36.990000+05:30,49,1
531341628109,"In Spring Security, versions 5.7.x prior to 5.7.12, 5.8.x prior to 
5.8.11, versions 6.0.x prior to 6.0.9, versions 6.1.x prior to 6.1.8, 
versions 6.2.x prior to 6.2.3, an application is possible vulnerable to 
broken access control when it directly uses the AuthenticatedVoter#vote passing a null Authentication parameter.

",YES,arn:aws:inspector2:ap-south-1:531341628109:finding/3a7c011eab66c9e65d4c9582ad57e856,2024-06-26 13:13:36.990000+05:30,YES,,2024-06-26 13:13:36.990000+05:30,UNTRIAGED,ACTIVE,CVE-2024-22257 - org.springframework.security:spring-security-core,PACKAGE_VULNERABILITY,2024-06-26 13:13:36.990000+05:30,50,1
531341628109,"An issue was discovered in libxml2 before 2.10.3. When parsing a multi-gigabyte XML document with the XML_PARSE_HUGE parser option enabled, several integer counters can overflow. This results in an attempt to access an array at a negative 2GB offset, typically leading to a segmentation fault.",YES,arn:aws:inspector2:ap-south-1:531341628109:finding/3a9d312550011e49bab435417ec06df8,2024-06-26 13:13:36.990000+05:30,YES,8.2,2024-06-26 13:13:36.990000+05:30,HIGH,ACTIVE,CVE-2022-40303 - libxml2,PACKAGE_VULNERABILITY,2024-06-26 13:13:36.990000+05:30,51,1
531341628109,"The curl advisory describes this issue as follows:

curl supports SFTP transfers. curl's SFTP implementation offers a special feature in the path component of URLs: a tilde (~) character as the first path element in the path to denotes a path relative to the user's home directory. This is supported because of wording in the once proposed to-become RFC draft that was to dictate how SFTP URLs work.

Due to a bug, the handling of the tilde in SFTP path did however not only replace it when it is used stand-alone as the first path element but also wrongly when used as a mere prefix in the first element.

Using a path like /~2/foo when accessing a server using the user dan (with home directory /home/dan) would then quite surprisingly access the file /home/dan2/foo.

This can be taken advantage of to circumvent filtering or worse.",YES,arn:aws:inspector2:ap-south-1:531341628109:finding/3aec06f52fc4347c0827c2537759d426,2024-06-26 13:13:36.990000+05:30,YES,4.5,2024-06-26 13:13:36.990000+05:30,MEDIUM,ACTIVE,"CVE-2023-27534 - libcurl, curl",PACKAGE_VULNERABILITY,2024-06-26 13:13:36.990000+05:30,52,1
531341628109,"ncurses before 6.4 20230408, when used by a setuid application, allows local users to trigger security-relevant memory corruption via malformed data in a terminfo database file that is found in $HOME/.terminfo or reached via the TERMINFO or TERM environment variable.",YES,arn:aws:inspector2:ap-south-1:531341628109:finding/3c5903154685c71d4cf87beacf2ba001,2024-06-26 13:13:36.990000+05:30,YES,7.8,2024-06-26 13:13:36.990000+05:30,HIGH,ACTIVE,"CVE-2023-29491 - ncurses-base, ncurses and 1 more",PACKAGE_VULNERABILITY,2024-06-26 13:13:36.990000+05:30,53,1
531341628109,Heap-based Buffer Overflow in GitHub repository vim/vim prior to 9.0.1848.,NO,arn:aws:inspector2:ap-south-1:531341628109:finding/3dd3dccd6513e7fd756e7bdd0216da2b,2024-06-26 13:13:36.990000+05:30,YES,4.8,2024-06-26 13:13:36.990000+05:30,MEDIUM,ACTIVE,"CVE-2023-4738 - vim-minimal, vim-data",PACKAGE_VULNERABILITY,2024-06-26 13:13:36.990000+05:30,54,1
531341628109,NULL Pointer Dereference in GitHub repository vim/vim prior to 20d161ace307e28690229b68584f2d84556f8960.,NO,arn:aws:inspector2:ap-south-1:531341628109:finding/3ea43f653794146a730b5cd5f3817b0f,2024-06-26 13:13:36.990000+05:30,YES,2.9,2024-06-26 13:13:36.990000+05:30,LOW,ACTIVE,"CVE-2023-5441 - vim-minimal, vim-data",PACKAGE_VULNERABILITY,2024-06-26 13:13:36.990000+05:30,55,1
531341628109,"When curl retrieves an HTTP response, it stores the incoming headers so that
they can be accessed later via the libcurl headers API.

However, curl did not have a limit in how many or how large headers it would
accept in a response, allowing a malicious server to stream an endless series
of headers and eventually cause curl to run out of heap memory.",NO,arn:aws:inspector2:ap-south-1:531341628109:finding/3f3000d4c2876dfe20fa7210dbdd518e,2024-06-26 13:13:36.990000+05:30,YES,7.5,2024-06-26 13:13:36.990000+05:30,HIGH,ACTIVE,"CVE-2023-38039 - libcurl, curl",PACKAGE_VULNERABILITY,2024-06-26 13:13:36.990000+05:30,56,1
531341628109,"A flaw was found in the Curl package, where the HSTS mechanism would be ignored by subsequent transfers when done on the same command line because the state would not be properly carried. This issue may result in limited confidentiality and integrity.",YES,arn:aws:inspector2:ap-south-1:531341628109:finding/3f43874a1351677ddedbcb499838f8c4,2024-06-26 13:13:36.990000+05:30,YES,3.5,2024-06-26 13:13:36.990000+05:30,LOW,ACTIVE,"CVE-2023-23914 - libcurl, curl",PACKAGE_VULNERABILITY,2024-06-26 13:13:36.990000+05:30,57,1
531341628109,"Git is a revision control system. Prior to versions 2.45.1, 2.44.1, 2.43.4, 2.42.2, 2.41.1, 2.40.2, and 2.39.4, when cloning a local source repository that contains symlinks via the filesystem, Git may create hardlinks to arbitrary user-readable files on the same filesystem as the target repository in the `objects/` directory. Cloning a local repository over the filesystem may creating hardlinks to arbitrary user-owned files on the same filesystem in the target Git repository's `objects/` directory. When cloning a repository over the filesystem (without explicitly specifying the `file://` protocol or `--no-local`), the optimizations for local cloning
will be used, which include attempting to hard link the object files instead of copying them. While the code includes checks against symbolic links in the source repository, which were added during the fix for CVE-2022-39253, these checks can still be raced because the hard link operation ultimately follows symlinks. If the object on the filesystem appears as a f",YES,arn:aws:inspector2:ap-south-1:531341628109:finding/403ea37a05d4d63a07939b164b1ce4c2,2024-06-26 13:13:36.990000+05:30,YES,3.9,2024-06-26 13:13:36.990000+05:30,LOW,ACTIVE,"CVE-2024-32021 - perl-Git, git-core-doc and 2 more",PACKAGE_VULNERABILITY,2024-06-26 13:13:36.990000+05:30,58,1
531341628109,"Git is a revision control system. The Git project recommends to avoid working in untrusted repositories, and instead to clone it first with `git clone --no-local` to obtain a clean copy. Git has specific protections to make that a safe operation even with an untrusted source repository, but vulnerabilities allow those protections to be bypassed. In the context of cloning local repositories owned by other users, this vulnerability has been covered in CVE-2024-32004. But there are circumstances where the fixes for CVE-2024-32004 are not enough: For example, when obtaining a `.zip` file containing a full copy of a Git repository, it should not be trusted by default to be safe, as e.g. hooks could be configured to run within the context of that repository. The problem has been patched in versions 2.45.1, 2.44.1, 2.43.4, 2.42.2, 2.41.1, 2.40.2, and 2.39.4. As a workaround, avoid using Git in repositories that have been obtained via archives from untrusted sources.",YES,arn:aws:inspector2:ap-south-1:531341628109:finding/40a14385dc9ffb0f4a527b6340ff7d7e,2024-06-26 13:13:36.990000+05:30,YES,7.8,2024-06-26 13:13:36.990000+05:30,HIGH,ACTIVE,"CVE-2024-32465 - perl-Git, git-core-doc and 2 more",PACKAGE_VULNERABILITY,2024-06-26 13:13:36.990000+05:30,59,1
531341628109,"A flaw was found in the Curl package, where the HSTS mechanism could fail when multiple transfers are done in parallel, as the HSTS cache file gets overwritten by the most recently completed transfer. This issue may result in limited confidentiality and integrity.",YES,arn:aws:inspector2:ap-south-1:531341628109:finding/415d4083d0f869d06ac3d9f3ec1819b5,2024-06-26 13:13:36.990000+05:30,YES,3.5,2024-06-26 13:13:36.990000+05:30,LOW,ACTIVE,"CVE-2023-23915 - libcurl, curl",PACKAGE_VULNERABILITY,2024-06-26 13:13:36.990000+05:30,60,1
531341628109,NULL Pointer Dereference in GitHub repository vim/vim prior to 9.0.0224.,NO,arn:aws:inspector2:ap-south-1:531341628109:finding/42dd818f5eba1262cf29e6f7e02916d8,2024-06-26 13:13:36.990000+05:30,YES,5.5,2024-06-26 13:13:36.990000+05:30,MEDIUM,ACTIVE,"CVE-2022-2874 - vim-minimal, vim-data",PACKAGE_VULNERABILITY,2024-06-26 13:13:36.990000+05:30,61,1
531341628109,"Git is a revision control system. Prior to versions 2.45.1, 2.44.1, 2.43.4, 2.42.2, 2.41.1, 2.40.2, and 2.39.4, an attacker can prepare a local repository in such a way that, when cloned, will execute arbitrary code during the operation. The problem has been patched in versions 2.45.1, 2.44.1, 2.43.4, 2.42.2, 2.41.1, 2.40.2, and 2.39.4. As a workaround, avoid cloning repositories from untrusted sources.",YES,arn:aws:inspector2:ap-south-1:531341628109:finding/42ea1daea7b994d1595d2ec49cd22db6,2024-06-26 13:13:36.990000+05:30,YES,7.3,2024-06-26 13:13:36.990000+05:30,HIGH,ACTIVE,"CVE-2024-32004 - perl-Git, git-core-doc and 2 more",PACKAGE_VULNERABILITY,2024-06-26 13:13:36.990000+05:30,62,1
531341628109,"An issue was found in libcurl which allows cookies to be inserted into a running program if specific conditions are met. The libcurl provided function, curl_easy_duphandle(), is used to duplicate the easy_handle associated with a transfer. If a duplicated transfer's easy_handle has cookies enabled when it is duplicated, the cookie-enabled state is cloned but the actual cookies are not. If the source easy_handle didn't read cookies from disk, the cloned easy_handle will attempt to read cookies from a file named 'none' in the local directory, potentially allowing arbitrary cookies to be loaded.",YES,arn:aws:inspector2:ap-south-1:531341628109:finding/4322171e7ed7388b42e7feac7cec5dbb,2024-06-26 13:13:36.990000+05:30,YES,3.6,2024-06-26 13:13:36.990000+05:30,LOW,ACTIVE,"CVE-2023-38546 - libcurl, curl",PACKAGE_VULNERABILITY,2024-06-26 13:13:36.990000+05:30,63,1
531341628109,"The AWS SDK for Java enables Java developers to work with Amazon Web Services. A partial-path traversal issue exists within the `downloadDirectory` method in the AWS S3 TransferManager component of the AWS SDK for Java v1 prior to version 1.12.261. Applications using the SDK control the `destinationDirectory` argument, but S3 object keys are determined by the application that uploaded the objects. The `downloadDirectory` method allows the caller to pass a filesystem object in the object key but contained an issue in the validation logic for the key name. A knowledgeable actor could bypass the validation logic by including a UNIX double-dot in the bucket key. Under certain conditions, this could permit them to retrieve a directory from their S3 bucket that is one level up in the filesystem from their working directory. This issue’s scope is limited to directories whose name prefix matches the destinationDirectory. E.g. for destination directory`/tmp/foo`, the actor can cause a download to `/tmp/foo-bar`, but n",NO,arn:aws:inspector2:ap-south-1:531341628109:finding/43d62b2a564d83432312bb2ba71c8753,2024-06-26 13:13:36.990000+05:30,YES,6.5,2024-06-26 13:13:36.990000+05:30,MEDIUM,ACTIVE,CVE-2022-31159 - com.amazonaws:aws-java-sdk-s3,PACKAGE_VULNERABILITY,2024-06-26 13:13:36.990000+05:30,64,1
531341628109,"Allocation of Resources Without Limits or Throttling vulnerability in Apache Commons Compress.This issue affects Apache Commons Compress: from 1.21 before 1.26.

Users are recommended to upgrade to version 1.26, which fixes the issue.

",NO,arn:aws:inspector2:ap-south-1:531341628109:finding/475b2d82825ccd77d2efb2fe43e0435a,2024-06-26 13:13:36.990000+05:30,YES,5.5,2024-06-26 13:13:36.990000+05:30,MEDIUM,ACTIVE,CVE-2024-26308 - org.apache.commons:commons-compress,PACKAGE_VULNERABILITY,2024-06-26 13:13:36.990000+05:30,65,1
531341628109,"When saving HSTS data to an excessively long file name, curl could end up removing all contents, making subsequent requests using that file unaware of the HSTS status they should otherwise use.",NO,arn:aws:inspector2:ap-south-1:531341628109:finding/4a53650a5ae55ae41a5d16844c01826d,2024-06-26 13:13:36.990000+05:30,YES,3.9,2024-06-26 13:13:36.990000+05:30,LOW,ACTIVE,"CVE-2023-46219 - libcurl, curl",PACKAGE_VULNERABILITY,2024-06-26 13:13:36.990000+05:30,66,1
531341628109,"When Apache Ivy downloads artifacts from a repository it stores them in the local file system based on a user-supplied ""pattern"" that may include placeholders for artifacts coordinates like the organisation, module or version. If said coordinates contain ""../"" sequences - which are valid characters for Ivy coordinates in general - it is possible the artifacts are stored outside of Ivy's local cache or repository or can overwrite different artifacts inside of the local cache. In order to exploit this vulnerability an attacker needs collaboration by the remote repository as Ivy will issue http requests containing "".."" sequences and a ""normal"" repository will not interpret them as part of the artifact coordinates. Users of Apache Ivy 2.0.0 to 2.5.1 should upgrade to Ivy 2.5.1.",NO,arn:aws:inspector2:ap-south-1:531341628109:finding/4b14c3f336d209ec029453b0b7d34855,2024-06-26 13:13:36.990000+05:30,YES,7.5,2024-06-26 13:13:36.990000+05:30,HIGH,ACTIVE,CVE-2022-37866 - org.apache.ivy:ivy,PACKAGE_VULNERABILITY,2024-06-26 13:13:36.990000+05:30,67,1
531341628109,"An issue was discovered function pr_function_type in prdbg.c in Binutils 2.34 thru 2.38, allows attackers to cause a denial of service due to memory leaks.",NO,arn:aws:inspector2:ap-south-1:531341628109:finding/4b8c7e990f122ad53cc8748968acea7e,2024-06-26 13:13:36.990000+05:30,YES,5.5,2024-06-26 13:13:36.990000+05:30,MEDIUM,ACTIVE,CVE-2022-47010 - binutils,PACKAGE_VULNERABILITY,2024-06-26 13:13:36.990000+05:30,68,1
531341628109,Xmlsoft Libxml2 v2.11.0 was discovered to contain an out-of-bounds read via the xmlSAX2StartElement() function at /libxml2/SAX2.c. This vulnerability allows attackers to cause a Denial of Service (DoS) via supplying a crafted XML file. NOTE: the vendor's position is that the product does not support the legacy SAX1 interface with custom callbacks; there is a crash even without crafted input.,NO,arn:aws:inspector2:ap-south-1:531341628109:finding/4ba9308f4ad1f0add855d19654c854ae,2024-06-26 13:13:36.990000+05:30,YES,5.5,2024-06-26 13:13:36.990000+05:30,MEDIUM,ACTIVE,CVE-2023-39615 - libxml2,PACKAGE_VULNERABILITY,2024-06-26 13:13:36.990000+05:30,69,1
531341628109,"Use of Java's default temporary directory for file creation in `FileBackedOutputStream` in Google Guava versions 1.0 to 31.1 on Unix systems and Android Ice Cream Sandwich allows other users and apps on the machine with access to the default Java temporary directory to be able to access the files created by the class.

Even though the security vulnerability is fixed in version 32.0.0, we recommend using version 32.0.1 as version 32.0.0 breaks some functionality under Windows.

",YES,arn:aws:inspector2:ap-south-1:531341628109:finding/4cd39b6b1328f66e664f22c41b401c68,2024-06-26 13:13:36.990000+05:30,YES,7.1,2024-06-26 13:13:36.990000+05:30,HIGH,ACTIVE,CVE-2023-2976 - com.google.guava:guava,PACKAGE_VULNERABILITY,2024-06-26 13:13:36.990000+05:30,70,1
531341628109,"In ssh in OpenSSH before 9.6, OS command injection might occur if a user name or host name has shell metacharacters, and this name is referenced by an expansion token in certain situations. For example, an untrusted Git repository can have a submodule with shell metacharacters in a user name or host name.",YES,arn:aws:inspector2:ap-south-1:531341628109:finding/4d515ad9f2e78027b62d9f9875016e3b,2024-06-26 13:13:36.990000+05:30,YES,5.3,2024-06-26 13:13:36.990000+05:30,MEDIUM,ACTIVE,"CVE-2023-51385 - openssh, openssh-clients",PACKAGE_VULNERABILITY,2024-06-26 13:13:36.990000+05:30,71,1
531341628109,A vulnerability was found in cbeust testng 7.5.0/7.6.0/7.6.1/7.7.0. It has been declared as critical. Affected by this vulnerability is the function testngXmlExistsInJar of the file testng-core/src/main/java/org/testng/JarFileUtils.java of the component XML File Parser. The manipulation leads to path traversal. The attack can be launched remotely. Upgrading to version 7.5.1 and 7.7.1 is able to address this issue. The patch is named 9150736cd2c123a6a3b60e6193630859f9f0422b. It is recommended to upgrade the affected component. The associated identifier of this vulnerability is VDB-214027.,NO,arn:aws:inspector2:ap-south-1:531341628109:finding/4d7466f7d81406bb81424e8cdac7e932,2024-06-26 13:13:36.990000+05:30,YES,7.8,2024-06-26 13:13:36.990000+05:30,HIGH,ACTIVE,CVE-2022-4065 - org.testng:testng,PACKAGE_VULNERABILITY,2024-06-26 13:13:36.990000+05:30,72,1
531341628109,GNU Tar through 1.34 has a one-byte out-of-bounds read that results in use of uninitialized memory for a conditional jump. Exploitation to change the flow of control has not been demonstrated. The issue occurs in from_header in list.c via a V7 archive in which mtime has approximately 11 whitespace characters.,YES,arn:aws:inspector2:ap-south-1:531341628109:finding/4dbb107fc322547a5e6c77e2b2314c38,2024-06-26 13:13:36.990000+05:30,YES,7.8,2024-06-26 13:13:36.990000+05:30,HIGH,ACTIVE,CVE-2022-48303 - tar,PACKAGE_VULNERABILITY,2024-06-26 13:13:36.990000+05:30,73,1
531341628109,GNU Binutils before 2.40 was discovered to contain an excessive memory consumption vulnerability via the function bfd_dwarf2_find_nearest_line_with_alt at dwarf2.c. The attacker could supply a crafted ELF file and cause a DNS attack.,NO,arn:aws:inspector2:ap-south-1:531341628109:finding/4dd3444c8909657e9efdf034d9af836d,2024-06-26 13:13:36.990000+05:30,YES,5.5,2024-06-26 13:13:36.990000+05:30,MEDIUM,ACTIVE,CVE-2022-48064 - binutils,PACKAGE_VULNERABILITY,2024-06-26 13:13:36.990000+05:30,74,1
531341628109,"An issue was discovered in libxml2 before 2.10.3. Certain invalid XML entity definitions can corrupt a hash table key, potentially leading to subsequent logic errors. In one case, a double-free can be provoked.",YES,arn:aws:inspector2:ap-south-1:531341628109:finding/4e9342c2c843c1bd879bd2d29081e06d,2024-06-26 13:13:36.990000+05:30,YES,8.2,2024-06-26 13:13:36.990000+05:30,HIGH,ACTIVE,CVE-2022-40304 - libxml2,PACKAGE_VULNERABILITY,2024-06-26 13:13:36.990000+05:30,75,1
531341628109,"A type confusion vulnerability was found in OpenSSL when OpenSSL X.400 addresses processing inside an X.509 GeneralName. When CRL checking is enabled (for example, the application sets the X509_V_FLAG_CRL_CHECK flag), this vulnerability may allow an attacker to pass arbitrary pointers to a memcmp call, enabling them to read memory contents or cause a denial of service. In most cases, the attack requires the attacker to provide both the certificate chain and CRL, of which neither needs a valid signature. If the attacker only controls one of these inputs, the other input must already contain an X.400 address as a CRL distribution point, which is uncommon. In this case, this vulnerability is likely only to affect applications that have implemented their own functionality for retrieving CRLs over a network.",YES,arn:aws:inspector2:ap-south-1:531341628109:finding/4ed4b64b6d2962f56b1033bbaf44ad08,2024-06-26 13:13:36.990000+05:30,YES,7.4,2024-06-26 13:13:36.990000+05:30,HIGH,ACTIVE,"CVE-2023-0286 - openssl, openssl-libs",PACKAGE_VULNERABILITY,2024-06-26 13:13:36.990000+05:30,76,1
531341628109,Integer Overflow or Wraparound in GitHub repository vim/vim prior to 9.0.1532.,YES,arn:aws:inspector2:ap-south-1:531341628109:finding/4f5d4188502e4bb18f73def708defe58,2024-06-26 13:13:36.990000+05:30,YES,7.8,2024-06-26 13:13:36.990000+05:30,HIGH,ACTIVE,"CVE-2023-2610 - vim-minimal, vim-data",PACKAGE_VULNERABILITY,2024-06-26 13:13:36.990000+05:30,77,1
531341628109,An issue in the urllib.parse component of Python before 3.11.4 allows attackers to bypass blocklisting methods by supplying a URL that starts with blank characters.,YES,arn:aws:inspector2:ap-south-1:531341628109:finding/4fefa867dcbceb22ca3cf61361343c48,2024-06-26 13:13:36.990000+05:30,YES,5.3,2024-06-26 13:13:36.990000+05:30,MEDIUM,ACTIVE,"CVE-2023-24329 - python-libs, python",PACKAGE_VULNERABILITY,2024-06-26 13:13:36.990000+05:30,78,1
531341628109,Use After Free in GitHub repository vim/vim prior to 9.0.0530.,NO,arn:aws:inspector2:ap-south-1:531341628109:finding/4ff928b1523c827e7915b76e65ac6293,2024-06-26 13:13:36.990000+05:30,YES,7.8,2024-06-26 13:13:36.990000+05:30,HIGH,ACTIVE,"CVE-2022-3256 - vim-minimal, vim-data",PACKAGE_VULNERABILITY,2024-06-26 13:13:36.990000+05:30,79,1
531341628109,Heap-based Buffer Overflow in GitHub repository vim/vim prior to 9.0.1873.,NO,arn:aws:inspector2:ap-south-1:531341628109:finding/5057a707d233171178250d84a08f54e7,2024-06-26 13:13:36.990000+05:30,YES,7.8,2024-06-26 13:13:36.990000+05:30,HIGH,ACTIVE,"CVE-2023-4781 - vim-minimal, vim-data",PACKAGE_VULNERABILITY,2024-06-26 13:13:36.990000+05:30,80,1
531341628109,"HTTP::Tiny 0.082, a Perl core module since 5.13.9 and available standalone on CPAN, has an insecure default TLS configuration where users must opt in to verify certificates.",YES,arn:aws:inspector2:ap-south-1:531341628109:finding/521c7bd5620cff679643678c42e92d39,2024-06-26 13:13:36.990000+05:30,YES,7.4,2024-06-26 13:13:36.990000+05:30,HIGH,ACTIVE,"CVE-2023-31486 - perl-Pod-Perldoc, perl-HTTP-Tiny",PACKAGE_VULNERABILITY,2024-06-26 13:13:36.990000+05:30,81,1
531341628109,None Provided,NO,arn:aws:inspector2:ap-south-1:531341628109:finding/52cc8265ebdc8d32b3a7a8275564b130,2024-06-26 13:13:36.990000+05:30,YES,,2024-06-26 13:13:36.990000+05:30,HIGH,ACTIVE,"ALAS2-2024-2535 - perl-Git, git-core-doc and 2 more",PACKAGE_VULNERABILITY,2024-06-26 13:13:36.990000+05:30,82,1
531341628109,"libcurl offers a feature to verify an SSH server's public key using a SHA 256 hash. When this check fails, libcurl would free the memory for the fingerprint before it returns an error message containing the (now freed) hash.

This flaw risks inserting sensitive heap-based data into the error message that might be shown to users or otherwise get leaked and revealed.",YES,arn:aws:inspector2:ap-south-1:531341628109:finding/531721dafe1059e550e5103b110b1a52,2024-06-26 13:13:36.990000+05:30,YES,5.9,2024-06-26 13:13:36.990000+05:30,MEDIUM,ACTIVE,"CVE-2023-28319 - libcurl, curl",PACKAGE_VULNERABILITY,2024-06-26 13:13:36.990000+05:30,83,1
531341628109,"A flaw was discovered in OpenLDAP before 2.4.57 leading to a slapd crash in the Values Return Filter control handling, resulting in denial of service (double free and out-of-bounds read).",NO,arn:aws:inspector2:ap-south-1:531341628109:finding/53849c226a7a5716fdcc4f2cc3c5b853,2024-06-26 13:13:36.990000+05:30,YES,7.5,2024-06-26 13:13:36.990000+05:30,HIGH,ACTIVE,CVE-2020-36223 - openldap,PACKAGE_VULNERABILITY,2024-06-26 13:13:36.990000+05:30,84,1
531341628109,"In Spring Security, versions 6.1.x prior to 6.1.7 and versions 6.2.x prior to 6.2.2, an application is vulnerable to broken access control when it directly uses the AuthenticationTrustResolver.isFullyAuthenticated(Authentication) method.

Specifically, an application is vulnerable if:

  *  The application uses AuthenticationTrustResolver.isFullyAuthenticated(Authentication) directly and a null authentication parameter is passed to it resulting in an erroneous true return value.


An application is not vulnerable if any of the following is true:

  *  The application does not use AuthenticationTrustResolver.isFullyAuthenticated(Authentication) directly.
  *  The application does not pass null to AuthenticationTrustResolver.isFullyAuthenticated
  *  The application only uses isFullyAuthenticated via  Method Security https://docs.spring.io/spring-security/reference/servlet/authorization/method-security.html  or  HTTP Request Security https://docs.spring.io/spring-security/reference/servlet/authorization/authori",YES,arn:aws:inspector2:ap-south-1:531341628109:finding/557854ec82badfac2196d307f405ebe3,2024-06-26 13:13:36.990000+05:30,YES,,2024-06-26 13:13:36.990000+05:30,UNTRIAGED,ACTIVE,"CVE-2024-22234 - org.springframework.security:spring-security-web, org.springframework.security:spring-security-core",PACKAGE_VULNERABILITY,2024-06-26 13:13:36.990000+05:30,85,1
531341628109,curl: HTTP multi-header compression denial of service,YES,arn:aws:inspector2:ap-south-1:531341628109:finding/5600a87828204557d2d9b910ae9420aa,2024-06-26 13:13:36.990000+05:30,YES,6.5,2024-06-26 13:13:36.990000+05:30,MEDIUM,ACTIVE,"CVE-2023-23916 - libcurl, curl",PACKAGE_VULNERABILITY,2024-06-26 13:13:36.990000+05:30,86,1
531341628109,"An issue was discovered in ECCurve.java and ECCurve.cs in Bouncy Castle Java (BC Java) before 1.78, BC Java LTS before 2.73.6, BC-FJA before 1.0.2.5, and BC C# .Net before 2.3.1. Importing an EC certificate with crafted F2m parameters can lead to excessive CPU consumption during the evaluation of the curve parameters.",NO,arn:aws:inspector2:ap-south-1:531341628109:finding/5643227271638648eb5abc33047b4e75,2024-06-26 13:13:36.990000+05:30,YES,,2024-06-26 13:13:36.990000+05:30,UNTRIAGED,ACTIVE,"CVE-2024-29857 - org.bouncycastle:bcprov-jdk15on, org.bouncycastle:bcprov-jdk15on",PACKAGE_VULNERABILITY,2024-06-26 13:13:36.990000+05:30,87,1
531341628109,"The HTTP/2 protocol allows a denial of service (server resource consumption) because request cancellation can reset many streams quickly, as exploited in the wild in August through October 2023.",YES,arn:aws:inspector2:ap-south-1:531341628109:finding/56f32d79bb548dd6d8ba0b3809dc24af,2024-06-26 13:13:36.990000+05:30,YES,7.5,2024-06-26 13:13:36.990000+05:30,HIGH,ACTIVE,"CVE-2023-44487 - libnghttp2, nghttp2",PACKAGE_VULNERABILITY,2024-06-26 13:13:36.990000+05:30,88,1
531341628109,"It was discovered that the numerical library used in NSS for RSA cryptography leaks information whether high order bits of the RSA decryption result are zero. This information can be used to mount a Bleichenbacher or Manger like attack against all RSA decryption operations. As the leak happens before any padding operations, it affects all padding modes: PKCS#1 v1.5, OAEP, and RSASVP. Both API level calls and TLS server operation are affected.",NO,arn:aws:inspector2:ap-south-1:531341628109:finding/57d09bb90aaa08271c1ae34a79e18604,2024-06-26 13:13:36.990000+05:30,YES,5.9,2024-06-26 13:13:36.990000+05:30,MEDIUM,ACTIVE,"CVE-2023-5388 - nss-softokn, nss-softokn-freebl",PACKAGE_VULNERABILITY,2024-06-26 13:13:36.990000+05:30,89,1
531341628109,Heap-based Buffer Overflow in GitHub repository vim/vim prior to 9.0.1144.,YES,arn:aws:inspector2:ap-south-1:531341628109:finding/5a1c3682c26fd6e7e8007a271834566c,2024-06-26 13:13:36.990000+05:30,YES,7.8,2024-06-26 13:13:36.990000+05:30,HIGH,ACTIVE,"CVE-2023-0051 - vim-minimal, vim-data",PACKAGE_VULNERABILITY,2024-06-26 13:13:36.990000+05:30,90,1
531341628109,The CIL compiler in SELinux 3.2 has a use-after-free in cil_reset_classpermission (called from cil_reset_classperms_set and cil_reset_classperms_list).,NO,arn:aws:inspector2:ap-south-1:531341628109:finding/5bb1fd90c8bdf09a1b86b458ea46e691,2024-06-26 13:13:36.990000+05:30,YES,3.3,2024-06-26 13:13:36.990000+05:30,LOW,ACTIVE,CVE-2021-36086 - libsepol,PACKAGE_VULNERABILITY,2024-06-26 13:13:36.990000+05:30,91,1
531341628109,"A temp directory creation vulnerability exists in all versions of Guava, allowing an attacker with access to the machine to potentially access data in a temporary directory created by the Guava API com.google.common.io.Files.createTempDir(). By default, on unix-like systems, the created directory is world-readable (readable by an attacker with access to the system). The method in question has been marked @Deprecated in versions 30.0 and later and should not be used. For Android developers, we recommend choosing a temporary directory API provided by Android, such as context.getCacheDir(). For other Java developers, we recommend migrating to the Java 7 API java.nio.file.Files.createTempDirectory() which explicitly configures permissions of 700, or configuring the Java runtime's java.io.tmpdir system property to point to a location whose permissions are appropriately configured.

",NO,arn:aws:inspector2:ap-south-1:531341628109:finding/5c47fa13279a448e875453ae1b411314,2024-06-26 13:13:36.990000+05:30,YES,3.3,2024-06-26 13:13:36.990000+05:30,LOW,ACTIVE,CVE-2020-8908 - com.google.guava:guava,PACKAGE_VULNERABILITY,2024-06-26 13:13:36.990000+05:30,92,1
531341628109,nghttp2 is an implementation of the Hypertext Transfer Protocol version 2 in C. The nghttp2 library prior to version 1.61.0 keeps reading the unbounded number of HTTP/2 CONTINUATION frames even after a stream is reset to keep HPACK context in sync.  This causes excessive CPU usage to decode HPACK stream. nghttp2 v1.61.0 mitigates this vulnerability by limiting the number of CONTINUATION frames it accepts per stream. There is no workaround for this vulnerability.,YES,arn:aws:inspector2:ap-south-1:531341628109:finding/5ed0728476b04e9ff5e06b103bfd91b9,2024-06-26 13:13:36.990000+05:30,YES,7.5,2024-06-26 13:13:36.990000+05:30,HIGH,ACTIVE,"CVE-2024-28182 - libnghttp2, nghttp2",PACKAGE_VULNERABILITY,2024-06-26 13:13:36.990000+05:30,93,1
531341628109,pax_decode_header in sparse.c in GNU Tar before 1.32 had a NULL pointer dereference when parsing certain archives that have malformed extended headers.,NO,arn:aws:inspector2:ap-south-1:531341628109:finding/5f4248a3e636e4cac45459671f156db1,2024-06-26 13:13:36.990000+05:30,YES,6.2,2024-06-26 13:13:36.990000+05:30,MEDIUM,ACTIVE,CVE-2019-9923 - tar,PACKAGE_VULNERABILITY,2024-06-26 13:13:36.990000+05:30,94,1
531341628109,"The iconv() function in the GNU C Library versions 2.39 and older may overflow the output buffer passed to it by up to 4 bytes when converting strings to the ISO-2022-CN-EXT character set, which may be used to crash an application or overwrite a neighbouring variable.",YES,arn:aws:inspector2:ap-south-1:531341628109:finding/60224835e07797e79152241680e492a5,2024-06-26 13:13:36.990000+05:30,YES,8.2,2024-06-26 13:13:36.990000+05:30,HIGH,ACTIVE,"CVE-2024-2961 - glibc-langpack-en, glibc and 4 more",PACKAGE_VULNERABILITY,2024-06-26 13:13:36.990000+05:30,95,1
531341628109,"Denial of Service via incomplete cleanup vulnerability in Apache Tomcat. It was possible for WebSocket clients to keep WebSocket connections open leading to increased resource consumption.This issue affects Apache Tomcat: from 11.0.0-M1 through 11.0.0-M16, from 10.1.0-M1 through 10.1.18, from 9.0.0-M1 through 9.0.85, from 8.5.0 through 8.5.98.

Users are recommended to upgrade to version 11.0.0-M17, 10.1.19, 9.0.86 or 8.5.99 which fix the issue.

",YES,arn:aws:inspector2:ap-south-1:531341628109:finding/61e2b150bfc64a32c26ca39604c1621d,2024-06-26 13:13:36.990000+05:30,YES,,2024-06-26 13:13:36.990000+05:30,UNTRIAGED,ACTIVE,CVE-2024-23672 - org.apache.tomcat.embed:tomcat-embed-websocket,PACKAGE_VULNERABILITY,2024-06-26 13:13:36.990000+05:30,96,1
531341628109,"Processing a maliciously formatted PKCS12 file may lead OpenSSL to crash leading to a potential Denial of Service attack

The package openssl098e is provided purely for binary compatibility with older Amazon Linux versions. It does not receive security updates.",NO,arn:aws:inspector2:ap-south-1:531341628109:finding/639c78099a350c4e51708f0b2d32ca81,2024-06-26 13:13:36.990000+05:30,YES,3.3,2024-06-26 13:13:36.990000+05:30,LOW,ACTIVE,"CVE-2024-0727 - openssl, openssl-libs",PACKAGE_VULNERABILITY,2024-06-26 13:13:36.990000+05:30,97,1
531341628109,Divide By Zero in GitHub repository vim/vim prior to 9.0.1247.,YES,arn:aws:inspector2:ap-south-1:531341628109:finding/64728ddf0cf8046329e576218f898b6b,2024-06-26 13:13:36.990000+05:30,YES,7.8,2024-06-26 13:13:36.990000+05:30,HIGH,ACTIVE,"CVE-2023-0512 - vim-minimal, vim-data",PACKAGE_VULNERABILITY,2024-06-26 13:13:36.990000+05:30,98,1
531341628109,None Provided,NO,arn:aws:inspector2:ap-south-1:531341628109:finding/679811511895a1b73abbc6ed54fa4db6,2024-06-26 13:13:36.990000+05:30,YES,,2024-06-26 13:13:36.990000+05:30,HIGH,ACTIVE,ALAS2-2023-2316 - yum,PACKAGE_VULNERABILITY,2024-06-26 13:13:36.990000+05:30,99,1
531341628109,Integer Overflow or Wraparound vulnerability in apr_base64 functions of Apache Portable Runtime Utility (APR-util) allows an attacker to write beyond bounds of a buffer. This issue affects Apache Portable Runtime Utility (APR-util) 1.6.1 and prior versions.,YES,arn:aws:inspector2:ap-south-1:531341628109:finding/69e7a585d34ebff03bac9fc356667fca,2024-06-26 13:13:36.990000+05:30,YES,6.5,2024-06-26 13:13:36.990000+05:30,MEDIUM,ACTIVE,"CVE-2022-25147 - apr-util-bdb, apr-util",PACKAGE_VULNERABILITY,2024-06-26 13:13:36.990000+05:30,100,1
