cvssSource,score,scoreSource,scoringVector,version,current_key,parent_key
AMAZON_CVE,6.2,AMAZON_CVE,CVSS:3.1/AV:L/AC:L/PR:N/UI:N/S:U/C:N/I:N/A:H,3.1,1,1
AMAZON_CVE,3.7,AMAZON_CVE,CVSS:3.1/AV:N/AC:H/PR:N/UI:N/S:U/C:N/I:L/A:N,3.1,2,2
AMAZON_CVE,4.0,AMAZON_CVE,CVSS:3.1/AV:L/AC:L/PR:N/UI:N/S:U/C:N/I:N/A:L,3.1,3,3
NVD,8.3,NVD,CVSS:3.1/AV:N/AC:H/PR:N/UI:R/S:C/C:H/I:H/A:H,3.1,4,4
AMAZON_CVE,5.3,AMAZON_CVE,CVSS:3.1/AV:N/AC:L/PR:N/UI:N/S:U/C:N/I:L/A:N,3.1,5,5
AMAZON_CVE,7.4,AMAZON_CVE,CVSS:3.1/AV:N/AC:H/PR:N/UI:N/S:U/C:H/I:H/A:N,3.1,6,6
AMAZON_CVE,3.6,AMAZON_CVE,CVSS:3.1/AV:L/AC:H/PR:N/UI:R/S:U/C:N/I:L/A:L,3.1,7,7
AMAZON_CVE,6.5,AMAZON_CVE,CVSS:3.1/AV:N/AC:L/PR:N/UI:R/S:U/C:N/I:N/A:H,3.1,8,8
AMAZON_CVE,5.9,AMAZON_CVE,CVSS:3.1/AV:N/AC:H/PR:N/UI:N/S:U/C:H/I:N/A:N,3.1,9,9
NVD,5.3,NVD,CVSS:3.1/AV:N/AC:L/PR:N/UI:N/S:U/C:N/I:L/A:N,3.1,10,10
AMAZON_CVE,3.7,AMAZON_CVE,CVSS:3.1/AV:N/AC:H/PR:N/UI:N/S:U/C:N/I:L/A:N,3.1,11,11
AMAZON_CVE,3.3,AMAZON_CVE,CVSS:3.1/AV:L/AC:L/PR:N/UI:R/S:U/C:N/I:N/A:L,3.1,12,12
AMAZON_CVE,4.8,AMAZON_CVE,CVSS:3.1/AV:N/AC:H/PR:N/UI:N/S:U/C:L/I:N/A:L,3.1,13,13
NVD,7.5,NVD,CVSS:3.1/AV:N/AC:L/PR:N/UI:N/S:U/C:H/I:N/A:N,3.1,14,14
AMAZON_CVE,5.3,AMAZON_CVE,CVSS:3.1/AV:N/AC:L/PR:N/UI:N/S:U/C:N/I:N/A:L,3.1,15,15
AMAZON_CVE,3.3,AMAZON_CVE,CVSS:3.1/AV:L/AC:L/PR:N/UI:R/S:U/C:N/I:N/A:L,3.1,16,16
AMAZON_CVE,3.7,AMAZON_CVE,CVSS:3.1/AV:N/AC:H/PR:N/UI:N/S:U/C:N/I:N/A:L,3.1,17,17
AMAZON_CVE,4.8,AMAZON_CVE,CVSS:3.1/AV:N/AC:H/PR:N/UI:N/S:U/C:L/I:L/A:N,3.1,18,18
AMAZON_CVE,3.9,AMAZON_CVE,CVSS:3.1/AV:L/AC:H/PR:L/UI:R/S:C/C:N/I:L/A:L,3.1,19,19
NVD,5.3,NVD,CVSS:3.1/AV:N/AC:L/PR:N/UI:N/S:U/C:L/I:N/A:N,3.1,20,20
GITHUB,7.5,GITHUB,CVSS:3.1/AV:N/AC:L/PR:N/UI:N/S:U/C:N/I:N/A:H,3.1,21,21
AMAZON_CVE,5.3,AMAZON_CVE,CVSS:3.1/AV:N/AC:L/PR:N/UI:N/S:U/C:N/I:N/A:L,3.1,22,22
AMAZON_CVE,3.1,AMAZON_CVE,CVSS:3.1/AV:N/AC:H/PR:N/UI:R/S:U/C:N/I:L/A:N,3.1,23,23
NVD,5.5,NVD,CVSS:3.1/AV:L/AC:L/PR:N/UI:R/S:U/C:N/I:N/A:H,3.1,24,24
NVD,5.3,NVD,CVSS:3.1/AV:N/AC:L/PR:N/UI:N/S:U/C:L/I:N/A:N,3.1,25,25
AMAZON_CVE,3.9,AMAZON_CVE,CVSS:3.1/AV:L/AC:L/PR:L/UI:R/S:U/C:N/I:L/A:L,3.1,26,26
AMAZON_CVE,2.8,AMAZON_CVE,CVSS:3.1/AV:L/AC:L/PR:L/UI:R/S:U/C:N/I:N/A:L,3.1,27,27
NVD,7.5,NVD,CVSS:3.1/AV:N/AC:L/PR:N/UI:N/S:U/C:N/I:N/A:H,3.1,28,28
AMAZON_CVE,7.8,AMAZON_CVE,CVSS:3.1/AV:L/AC:L/PR:N/UI:R/S:U/C:H/I:H/A:H,3.1,29,29
AMAZON_CVE,6.5,AMAZON_CVE,CVSS:3.1/AV:A/AC:L/PR:N/UI:N/S:U/C:N/I:N/A:H,3.1,30,30
NVD,7.5,NVD,CVSS:3.1/AV:N/AC:L/PR:N/UI:N/S:U/C:H/I:N/A:N,3.1,31,31
NVD,7.5,NVD,CVSS:3.1/AV:N/AC:L/PR:N/UI:N/S:U/C:N/I:N/A:H,3.1,32,32
NVD,7.5,NVD,CVSS:3.1/AV:N/AC:L/PR:N/UI:N/S:U/C:N/I:N/A:H,3.1,33,33
NVD,7.5,NVD,CVSS:3.1/AV:N/AC:L/PR:N/UI:N/S:U/C:N/I:N/A:H,3.1,34,34
AMAZON_CVE,7.5,AMAZON_CVE,CVSS:3.1/AV:N/AC:L/PR:N/UI:N/S:U/C:N/I:N/A:H,3.1,35,35
AMAZON_CVE,6.5,AMAZON_CVE,CVSS:3.1/AV:N/AC:L/PR:N/UI:R/S:U/C:N/I:N/A:H,3.1,36,36
AMAZON_CVE,5.4,AMAZON_CVE,CVSS:3.1/AV:N/AC:L/PR:L/UI:N/S:U/C:L/I:N/A:L,3.1,37,37
AMAZON_CVE,3.9,AMAZON_CVE,CVSS:3.1/AV:L/AC:L/PR:L/UI:R/S:U/C:L/I:L/A:N,3.1,38,38
AMAZON_CVE,6.5,AMAZON_CVE,CVSS:3.1/AV:N/AC:L/PR:N/UI:R/S:U/C:N/I:N/A:H,3.1,39,39
NVD,5.3,NVD,CVSS:3.1/AV:N/AC:L/PR:N/UI:N/S:U/C:N/I:L/A:N,3.1,40,40
AMAZON_CVE,3.1,AMAZON_CVE,CVSS:3.1/AV:N/AC:H/PR:N/UI:R/S:U/C:L/I:N/A:N,3.1,41,41
AMAZON_CVE,5.3,AMAZON_CVE,CVSS:3.1/AV:N/AC:L/PR:N/UI:N/S:U/C:N/I:L/A:N,3.1,42,42
AMAZON_CVE,3.7,AMAZON_CVE,CVSS:3.1/AV:N/AC:H/PR:N/UI:N/S:U/C:N/I:L/A:N,3.1,43,43
AMAZON_CVE,5.9,AMAZON_CVE,CVSS:3.1/AV:N/AC:H/PR:N/UI:N/S:U/C:N/I:H/A:N,3.1,44,44
AMAZON_CVE,6.5,AMAZON_CVE,CVSS:3.1/AV:N/AC:L/PR:N/UI:R/S:U/C:H/I:N/A:N,3.1,45,45
AMAZON_CVE,4.7,AMAZON_CVE,CVSS:3.1/AV:L/AC:H/PR:L/UI:N/S:U/C:H/I:N/A:N,3.1,46,46
AMAZON_CVE,7.4,AMAZON_CVE,CVSS:3.1/AV:N/AC:H/PR:N/UI:N/S:U/C:H/I:H/A:N,3.1,47,47
NVD,5.5,NVD,CVSS:3.1/AV:L/AC:L/PR:N/UI:R/S:U/C:N/I:N/A:H,3.1,48,48
AMAZON_CVE,5.0,AMAZON_CVE,CVSS:3.1/AV:L/AC:L/PR:L/UI:R/S:U/C:N/I:N/A:H,3.1,49,49
NVD,9.8,NVD,CVSS:3.1/AV:N/AC:L/PR:N/UI:N/S:U/C:H/I:H/A:H,3.1,50,50
NVD,8.8,NVD,CVSS:3.1/AV:N/AC:L/PR:L/UI:N/S:U/C:H/I:H/A:H,3.1,51,51
NVD,6.1,NVD,CVSS:3.1/AV:N/AC:L/PR:N/UI:R/S:C/C:L/I:L/A:N,3.1,52,52
AMAZON_CVE,5.9,AMAZON_CVE,CVSS:3.1/AV:N/AC:H/PR:N/UI:N/S:U/C:H/I:N/A:N,3.1,53,53
AMAZON_CVE,5.3,AMAZON_CVE,CVSS:3.1/AV:N/AC:L/PR:N/UI:N/S:U/C:N/I:N/A:L,3.1,54,54
AMAZON_CVE,3.7,AMAZON_CVE,CVSS:3.1/AV:N/AC:H/PR:N/UI:N/S:U/C:N/I:N/A:L,3.1,55,55
NVD,7.8,NVD,CVSS:3.1/AV:L/AC:L/PR:L/UI:N/S:U/C:H/I:H/A:H,3.1,56,56
AMAZON_CVE,6.1,AMAZON_CVE,CVSS:3.1/AV:N/AC:L/PR:N/UI:R/S:C/C:L/I:L/A:N,3.1,57,57
AMAZON_CVE,6.5,AMAZON_CVE,CVSS:3.1/AV:N/AC:L/PR:N/UI:R/S:U/C:N/I:N/A:H,3.1,58,58
NVD,6.5,NVD,CVSS:3.0/AV:N/AC:L/PR:L/UI:N/S:U/C:H/I:N/A:N,3.0,59,59
NVD,7.5,NVD,CVSS:3.1/AV:N/AC:L/PR:N/UI:N/S:U/C:N/I:N/A:H,3.1,60,60
AMAZON_CVE,2.5,AMAZON_CVE,CVSS:3.1/AV:L/AC:H/PR:N/UI:R/S:U/C:N/I:L/A:N,3.1,61,61
NVD,7.5,NVD,CVSS:3.1/AV:N/AC:L/PR:N/UI:N/S:U/C:N/I:H/A:N,3.1,62,62
AMAZON_CVE,5.5,AMAZON_CVE,CVSS:3.1/AV:L/AC:L/PR:N/UI:R/S:U/C:N/I:N/A:H,3.1,63,63
AMAZON_CVE,5.9,AMAZON_CVE,CVSS:3.1/AV:N/AC:H/PR:N/UI:N/S:U/C:N/I:H/A:N,3.1,64,64
AMAZON_CVE,5.3,AMAZON_CVE,CVSS:3.1/AV:N/AC:L/PR:N/UI:N/S:U/C:N/I:N/A:L,3.1,65,65
AMAZON_CVE,7.5,AMAZON_CVE,CVSS:3.1/AV:N/AC:L/PR:N/UI:N/S:U/C:N/I:H/A:N,3.1,66,66
AMAZON_CVE,5.3,AMAZON_CVE,CVSS:3.1/AV:N/AC:L/PR:N/UI:N/S:U/C:N/I:N/A:L,3.1,67,67
NVD,9.8,NVD,CVSS:3.1/AV:N/AC:L/PR:N/UI:N/S:U/C:H/I:H/A:H,3.1,68,68
AMAZON_CVE,7.3,AMAZON_CVE,CVSS:3.1/AV:L/AC:L/PR:L/UI:R/S:U/C:H/I:H/A:H,3.1,69,69
AMAZON_CVE,7.5,AMAZON_CVE,CVSS:3.1/AV:N/AC:H/PR:N/UI:R/S:U/C:H/I:H/A:H,3.1,70,70
AMAZON_CVE,4.8,AMAZON_CVE,CVSS:3.1/AV:N/AC:H/PR:N/UI:N/S:U/C:L/I:L/A:N,3.1,71,71
NVD,7.5,NVD,CVSS:3.1/AV:N/AC:L/PR:N/UI:N/S:U/C:N/I:N/A:H,3.1,72,72
AMAZON_CVE,2.8,AMAZON_CVE,CVSS:3.1/AV:L/AC:L/PR:L/UI:R/S:U/C:N/I:N/A:L,3.1,73,73
AMAZON_CVE,2.8,AMAZON_CVE,CVSS:3.1/AV:L/AC:L/PR:L/UI:R/S:U/C:N/I:N/A:L,3.1,74,74
NVD,6.5,NVD,CVSS:3.1/AV:N/AC:L/PR:L/UI:N/S:U/C:N/I:N/A:H,3.1,75,75
AMAZON_CVE,3.7,AMAZON_CVE,CVSS:3.1/AV:N/AC:H/PR:N/UI:N/S:U/C:N/I:N/A:L,3.1,76,76
NVD,7.5,NVD,CVSS:3.1/AV:N/AC:L/PR:N/UI:N/S:U/C:N/I:N/A:H,3.1,77,77
NVD,7.5,NVD,CVSS:3.1/AV:N/AC:L/PR:N/UI:N/S:U/C:N/I:N/A:H,3.1,78,78
AMAZON_CVE,5.3,AMAZON_CVE,CVSS:3.1/AV:N/AC:L/PR:N/UI:N/S:U/C:L/I:N/A:N,3.1,79,79
AMAZON_CVE,3.7,AMAZON_CVE,CVSS:3.1/AV:N/AC:H/PR:N/UI:N/S:U/C:N/I:N/A:L,3.1,80,80
AMAZON_CVE,7.8,AMAZON_CVE,CVSS:3.1/AV:L/AC:L/PR:L/UI:N/S:U/C:H/I:H/A:H,3.1,81,81
AMAZON_CVE,3.7,AMAZON_CVE,CVSS:3.1/AV:N/AC:H/PR:N/UI:N/S:U/C:N/I:L/A:N,3.1,82,82
NVD,8.8,NVD,CVSS:3.1/AV:N/AC:L/PR:L/UI:N/S:U/C:H/I:H/A:H,3.1,83,83
NVD,6.5,NVD,CVSS:3.1/AV:N/AC:L/PR:L/UI:N/S:U/C:N/I:N/A:H,3.1,84,84
AMAZON_CVE,4.8,AMAZON_CVE,CVSS:3.1/AV:N/AC:H/PR:N/UI:N/S:U/C:L/I:L/A:N,3.1,85,85
