text,current_key,parent_key
None Provided,1,1
None Provided,2,2
None Provided,3,3
None Provided,4,4
None Provided,5,5
None Provided,6,6
None Provided,7,7
None Provided,8,8
None Provided,9,9
None Provided,10,10
None Provided,11,11
None Provided,12,12
None Provided,13,13
None Provided,14,14
None Provided,15,15
None Provided,16,16
None Provided,17,17
None Provided,18,18
None Provided,19,19
None Provided,20,20
None Provided,21,21
None Provided,22,22
None Provided,23,23
None Provided,24,24
None Provided,25,25
None Provided,26,26
None Provided,27,27
None Provided,28,28
None Provided,29,29
None Provided,30,30
None Provided,31,31
None Provided,32,32
None Provided,33,33
None Provided,34,34
None Provided,35,35
None Provided,36,36
None Provided,37,37
None Provided,38,38
None Provided,39,39
None Provided,40,40
None Provided,41,41
None Provided,42,42
None Provided,43,43
None Provided,44,44
None Provided,45,45
None Provided,46,46
None Provided,47,47
None Provided,48,48
None Provided,49,49
None Provided,50,50
None Provided,51,51
None Provided,52,52
None Provided,53,53
None Provided,54,54
None Provided,55,55
None Provided,56,56
None Provided,57,57
None Provided,58,58
None Provided,59,59
None Provided,60,60
None Provided,61,61
None Provided,62,62
None Provided,63,63
None Provided,64,64
None Provided,65,65
None Provided,66,66
None Provided,67,67
None Provided,68,68
None Provided,69,69
None Provided,70,70
None Provided,71,71
None Provided,72,72
None Provided,73,73
None Provided,74,74
None Provided,75,75
None Provided,76,76
None Provided,77,77
None Provided,78,78
None Provided,79,79
None Provided,80,80
None Provided,81,81
None Provided,82,82
Upgrade to version 6.0.0 or above.,83,83
None Provided,84,84
None Provided,85,85
Upgrade to version 4.17.5 or above.,86,86
None Provided,87,87
None Provided,88,88
None Provided,89,89
None Provided,90,90
None Provided,91,91
None Provided,92,92
None Provided,93,93
None Provided,94,94
None Provided,95,95
None Provided,96,96
None Provided,97,97
None Provided,98,98
None Provided,99,99
None Provided,100,100
